task,wh_name,logic_adjusted_new_step_duration_minutes
Verify Batch,BEYONDRX_OH,6.66
Verify Batch,BEYONDRX_OH,6.35
Verify Batch,OHIO,17.51
Verify Batch,BEYONDRX_OH,5.86
Verify Batch,BEYONDRX_OH,13.25
Verify Fill,BEYONDRX_AZ,8.71
Verify Batch,OHIO,5.65
Verify Batch,BEYONDRX_AZ,8.19
Verify Fill,OHIO,3.79
Verify Batch,OHIO,4.05
Verify Batch,BEYONDRX_OH,8.81
Verify Order,BEYONDRX_AZ,6.93
Verify Fill,OHIO,12.94
Verify Fill,OHIO,7.37
Verify Batch,BEYONDRX_AZ,13.43
Verify Order,BEYONDRX_AZ,14.23
Verify Order,OHIO,14.16
Verify Batch,OHIO,8.26
Verify Order,BEYONDRX_AZ,8.34
Verify Batch,BEYONDRX_AZ,8.8
Verify Order,BEYONDRX_OH,13.64
Verify Fill,OHIO,3.18
Verify Batch,BEYONDRX_OH,7.07
Verify Fill,BEYONDRX_AZ,8.99
Verify Order,OHIO,19.62
Verify Batch,BEYONDRX_OH,8.75
Verify Fill,BEYONDRX_AZ,1.89
Verify Order,OHIO,15.28
Verify Batch,OHIO,9.89
Verify Order,BEYONDRX_AZ,11.85
Verify Fill,BEYONDRX_AZ,8.1
Verify Order,OHIO,20.02
Verify Fill,OHIO,11.71
Verify Fill,BEYONDRX_OH,5.09
Verify Order,BEYONDRX_OH,17.32
Verify Fill,BEYONDRX_AZ,8.62
Verify Batch,BEYONDRX_OH,4.37
Verify Batch,BEYONDRX_AZ,8.31
Verify Fill,BEYONDRX_AZ,7.74
Verify Batch,OHIO,22.37
Verify Batch,BEYONDRX_OH,8.51
Verify Batch,OHIO,5.38
Verify Order,BEYONDRX_AZ,3.71
Verify Order,BEYONDRX_OH,16.3
Verify Batch,BEYONDRX_AZ,11.1
Verify Order,OHIO,14.82
Verify Order,BEYONDRX_AZ,7.37
Verify Batch,OHIO,18.2
Verify Fill,BEYONDRX_AZ,17.5
Verify Batch,BEYONDRX_AZ,8.85
Verify Batch,BEYONDRX_OH,4.83
Verify Fill,BEYONDRX_OH,4.82
Verify Order,BEYONDRX_OH,15.82
Verify Order,BEYONDRX_AZ,7.87
Verify Batch,BEYONDRX_AZ,4.69
Verify Order,OHIO,7.72
Verify Batch,OHIO,14.43
Verify Order,BEYONDRX_OH,7.94
Verify Fill,OHIO,5.76
Verify Order,BEYONDRX_OH,5.28
Verify Fill,BEYONDRX_AZ,13.73
Verify Batch,BEYONDRX_AZ,10.87
Verify Order,OHIO,5.81
Verify Order,BEYONDRX_OH,8.09
Verify Batch,BEYONDRX_AZ,12.82
Verify Batch,BEYONDRX_AZ,5.08
Verify Order,BEYONDRX_AZ,4.9
Verify Fill,OHIO,12.51
Verify Fill,BEYONDRX_OH,12.21
Verify Fill,OHIO,9.31
Verify Fill,BEYONDRX_OH,5.39
Verify Order,BEYONDRX_AZ,9.68
Verify Fill,BEYONDRX_OH,3.99
Verify Batch,OHIO,15.04
Verify Fill,OHIO,4.58
Verify Batch,OHIO,8.0
Verify Batch,OHIO,12.72
Verify Batch,BEYONDRX_OH,5.38
Verify Batch,BEYONDRX_AZ,11.15
Verify Batch,BEYONDRX_OH,15.11
Verify Fill,BEYONDRX_AZ,7.67
Verify Batch,OHIO,10.07
Verify Fill,OHIO,5.58
Verify Batch,BEYONDRX_OH,5.98
Verify Batch,BEYONDRX_AZ,4.87
Verify Order,BEYONDRX_OH,5.04
Verify Batch,BEYONDRX_OH,7.17
Verify Fill,OHIO,10.56
Verify Batch,BEYONDRX_OH,2.9
Verify Order,BEYONDRX_OH,6.45
Verify Batch,BEYONDRX_AZ,21.19
Verify Fill,BEYONDRX_OH,3.4
Verify Batch,OHIO,11.51
Verify Fill,OHIO,9.91
Verify Fill,BEYONDRX_OH,3.36
Verify Order,BEYONDRX_OH,5.0
Verify Fill,BEYONDRX_OH,7.53
Verify Order,BEYONDRX_AZ,5.64
Verify Order,BEYONDRX_AZ,3.7
Verify Fill,OHIO,14.99
Verify Fill,OHIO,6.4
Verify Order,BEYONDRX_AZ,9.98
Verify Fill,BEYONDRX_AZ,6.47
Verify Batch,BEYONDRX_AZ,6.18
Verify Fill,BEYONDRX_OH,7.81
Verify Order,OHIO,10.26
Verify Order,BEYONDRX_OH,13.54
Verify Fill,BEYONDRX_AZ,5.45
Verify Fill,OHIO,3.61
Verify Fill,BEYONDRX_OH,5.6
Verify Order,BEYONDRX_AZ,10.42
Verify Order,BEYONDRX_AZ,22.92
Verify Fill,OHIO,8.01
Verify Fill,OHIO,12.6
Verify Fill,BEYONDRX_AZ,6.74
Verify Batch,OHIO,18.23
Verify Batch,BEYONDRX_AZ,8.8
Verify Batch,BEYONDRX_OH,7.83
Verify Fill,BEYONDRX_OH,2.53
Verify Order,BEYONDRX_AZ,7.61
Verify Order,BEYONDRX_OH,11.36
Verify Fill,BEYONDRX_OH,7.13
Verify Batch,BEYONDRX_OH,7.58
Verify Order,OHIO,5.01
Verify Order,OHIO,4.56
Verify Fill,OHIO,9.01
Verify Order,BEYONDRX_AZ,4.02
Verify Batch,BEYONDRX_AZ,4.71
Verify Batch,BEYONDRX_AZ,9.92
Verify Fill,BEYONDRX_OH,7.84
Verify Batch,OHIO,7.56
Verify Fill,BEYONDRX_AZ,8.94
Verify Order,BEYONDRX_AZ,12.19
Verify Batch,BEYONDRX_OH,11.61
Verify Fill,BEYONDRX_AZ,2.96
Verify Batch,BEYONDRX_OH,4.89
Verify Fill,OHIO,4.69
Verify Order,OHIO,5.25
Verify Order,BEYONDRX_AZ,11.76
Verify Batch,BEYONDRX_AZ,5.0
Verify Order,BEYONDRX_OH,4.98
Verify Fill,BEYONDRX_OH,5.21
Verify Fill,OHIO,11.68
Verify Batch,OHIO,5.59
Verify Batch,BEYONDRX_AZ,10.18
Verify Order,OHIO,6.76
Verify Batch,OHIO,5.45
Verify Batch,BEYONDRX_AZ,5.05
Verify Order,OHIO,8.78
Verify Fill,BEYONDRX_AZ,3.78
Verify Fill,OHIO,9.36
Verify Fill,BEYONDRX_OH,6.32
Verify Order,BEYONDRX_AZ,8.06
Verify Fill,BEYONDRX_AZ,6.27
Verify Batch,BEYONDRX_OH,8.16
Verify Order,BEYONDRX_OH,9.33
Verify Batch,BEYONDRX_AZ,8.89
Verify Order,OHIO,11.09
Verify Fill,BEYONDRX_AZ,17.47
Verify Batch,BEYONDRX_AZ,7.98
Verify Fill,BEYONDRX_AZ,11.48
Verify Batch,OHIO,10.75
Verify Order,OHIO,10.79
Verify Fill,BEYONDRX_AZ,11.18
Verify Order,BEYONDRX_AZ,5.29
Verify Fill,BEYONDRX_AZ,13.51
Verify Order,OHIO,5.12
Verify Batch,BEYONDRX_AZ,9.05
Verify Order,OHIO,16.51
Verify Fill,BEYONDRX_AZ,6.51
Verify Order,OHIO,4.25
Verify Fill,BEYONDRX_AZ,8.73
Verify Fill,BEYONDRX_AZ,4.46
Verify Order,BEYONDRX_AZ,8.29
Verify Fill,BEYONDRX_OH,16.25
Verify Order,OHIO,7.08
Verify Batch,BEYONDRX_AZ,7.75
Verify Order,BEYONDRX_OH,12.17
Verify Fill,OHIO,4.64
Verify Fill,BEYONDRX_AZ,8.19
Verify Batch,BEYONDRX_OH,12.34
Verify Batch,BEYONDRX_OH,5.51
Verify Batch,BEYONDRX_OH,11.87
Verify Fill,BEYONDRX_AZ,10.53
Verify Order,BEYONDRX_AZ,3.38
Verify Order,BEYONDRX_OH,5.28
Verify Order,BEYONDRX_AZ,9.1
Verify Order,BEYONDRX_OH,3.62
Verify Batch,BEYONDRX_AZ,6.12
Verify Order,OHIO,6.69
Verify Order,BEYONDRX_AZ,8.0
Verify Batch,BEYONDRX_AZ,10.65
Verify Batch,BEYONDRX_OH,11.43
Verify Order,OHIO,7.7
Verify Order,OHIO,8.74
Verify Fill,OHIO,8.84
Verify Batch,BEYONDRX_AZ,3.87
Verify Batch,OHIO,12.35
Verify Batch,BEYONDRX_AZ,9.4
Verify Order,BEYONDRX_OH,13.0
Verify Fill,BEYONDRX_AZ,9.36
Verify Order,OHIO,9.13
Verify Batch,BEYONDRX_OH,8.04
Verify Order,OHIO,6.96
Verify Batch,BEYONDRX_OH,8.7
Verify Batch,BEYONDRX_OH,2.71
Verify Order,OHIO,8.97
Verify Fill,OHIO,7.09
Verify Batch,BEYONDRX_OH,11.35
Verify Order,OHIO,14.87
Verify Order,OHIO,4.03
Verify Batch,BEYONDRX_OH,12.22
Verify Order,BEYONDRX_AZ,9.0
Verify Order,BEYONDRX_OH,10.88
Verify Batch,BEYONDRX_OH,7.17
Verify Order,OHIO,6.2
Verify Fill,BEYONDRX_AZ,6.8
Verify Batch,OHIO,6.27
Verify Fill,BEYONDRX_OH,4.59
Verify Order,BEYONDRX_AZ,23.16
Verify Order,OHIO,9.46
Verify Order,BEYONDRX_OH,15.14
Verify Order,BEYONDRX_AZ,11.94
Verify Order,BEYONDRX_OH,5.92
Verify Fill,OHIO,5.58
Verify Fill,BEYONDRX_AZ,9.48
Verify Order,BEYONDRX_OH,1.26
Verify Batch,BEYONDRX_OH,3.45
Verify Order,BEYONDRX_AZ,9.08
Verify Batch,BEYONDRX_AZ,5.59
Verify Order,OHIO,3.74
Verify Batch,BEYONDRX_OH,8.88
Verify Fill,BEYONDRX_OH,7.4
Verify Order,BEYONDRX_OH,11.13
Verify Order,BEYONDRX_OH,8.02
Verify Batch,BEYONDRX_OH,4.52
Verify Order,BEYONDRX_OH,8.12
Verify Order,BEYONDRX_AZ,7.42
Verify Fill,BEYONDRX_AZ,6.58
Verify Fill,BEYONDRX_OH,4.27
Verify Fill,OHIO,11.24
Verify Batch,BEYONDRX_AZ,6.42
Verify Batch,BEYONDRX_AZ,6.05
Verify Fill,OHIO,6.47
Verify Order,BEYONDRX_AZ,8.01
Verify Fill,OHIO,3.45
Verify Batch,BEYONDRX_OH,2.91
Verify Batch,OHIO,4.21
Verify Batch,OHIO,7.71
Verify Fill,BEYONDRX_AZ,4.4
Verify Fill,BEYONDRX_AZ,1.23
Verify Order,BEYONDRX_OH,6.82
Verify Order,BEYONDRX_AZ,2.4
Verify Batch,BEYONDRX_AZ,15.55
Verify Fill,BEYONDRX_AZ,9.68
Verify Order,BEYONDRX_AZ,11.98
Verify Batch,BEYONDRX_AZ,7.79
Verify Order,BEYONDRX_AZ,6.07
Verify Order,BEYONDRX_AZ,6.03
Verify Batch,OHIO,6.4
Verify Order,BEYONDRX_OH,4.16
Verify Batch,BEYONDRX_AZ,5.99
Verify Batch,OHIO,5.87
Verify Batch,OHIO,8.41
Verify Fill,BEYONDRX_AZ,6.1
Verify Batch,BEYONDRX_AZ,7.64
Verify Order,OHIO,13.54
Verify Order,BEYONDRX_OH,17.49
Verify Fill,BEYONDRX_OH,6.33
Verify Fill,OHIO,9.66
Verify Fill,BEYONDRX_OH,6.3
Verify Order,BEYONDRX_AZ,3.82
Verify Fill,BEYONDRX_OH,8.74
Verify Order,OHIO,7.41
Verify Batch,BEYONDRX_OH,3.16
Verify Order,BEYONDRX_AZ,6.53
Verify Batch,BEYONDRX_AZ,4.91
Verify Batch,BEYONDRX_AZ,5.6
Verify Order,BEYONDRX_OH,10.25
Verify Order,BEYONDRX_AZ,10.11
Verify Order,OHIO,10.23
Verify Order,BEYONDRX_AZ,9.09
Verify Batch,OHIO,8.62
Verify Fill,OHIO,8.17
Verify Fill,BEYONDRX_AZ,5.35
Verify Fill,BEYONDRX_AZ,13.47
Verify Batch,BEYONDRX_AZ,4.85
Verify Order,OHIO,16.63
Verify Fill,BEYONDRX_AZ,12.11
Verify Order,OHIO,13.02
Verify Fill,BEYONDRX_AZ,4.66
Verify Batch,BEYONDRX_OH,8.25
Verify Order,BEYONDRX_OH,9.61
Verify Fill,OHIO,12.51
Verify Order,BEYONDRX_AZ,7.59
Verify Batch,OHIO,6.47
Verify Batch,OHIO,15.2
Verify Batch,OHIO,4.79
Verify Order,OHIO,7.11
Verify Order,OHIO,13.49
Verify Order,OHIO,14.29
Verify Fill,OHIO,5.3
Verify Fill,BEYONDRX_AZ,6.79
Verify Order,OHIO,8.76
Verify Fill,BEYONDRX_OH,10.13
Verify Batch,OHIO,3.91
Verify Batch,BEYONDRX_OH,17.17
Verify Order,BEYONDRX_AZ,9.64
Verify Fill,BEYONDRX_OH,7.72
Verify Batch,BEYONDRX_OH,7.77
Verify Order,BEYONDRX_AZ,3.9
Verify Order,OHIO,7.29
Verify Batch,BEYONDRX_OH,5.31
Verify Fill,BEYONDRX_AZ,5.82
Verify Fill,BEYONDRX_AZ,8.38
Verify Batch,BEYONDRX_AZ,7.93
Verify Order,OHIO,4.97
Verify Order,OHIO,3.42
Verify Batch,BEYONDRX_OH,15.51
Verify Fill,BEYONDRX_AZ,18.17
Verify Order,BEYONDRX_AZ,8.92
Verify Fill,BEYONDRX_OH,6.66
Verify Batch,OHIO,10.32
Verify Batch,BEYONDRX_OH,7.67
Verify Batch,OHIO,1.44
Verify Batch,OHIO,8.44
Verify Fill,BEYONDRX_OH,6.88
Verify Fill,BEYONDRX_AZ,6.02
Verify Batch,OHIO,8.74
Verify Batch,BEYONDRX_OH,9.78
Verify Batch,BEYONDRX_OH,7.14
Verify Batch,BEYONDRX_AZ,15.17
Verify Order,OHIO,5.01
Verify Fill,OHIO,4.11
Verify Batch,BEYONDRX_OH,19.05
Verify Batch,BEYONDRX_AZ,12.5
Verify Batch,OHIO,9.25
Verify Batch,OHIO,4.75
Verify Order,OHIO,9.27
Verify Order,BEYONDRX_AZ,9.43
Verify Order,OHIO,6.08
Verify Fill,OHIO,7.38
Verify Order,BEYONDRX_OH,10.16
Verify Order,BEYONDRX_OH,10.22
Verify Order,OHIO,14.02
Verify Order,BEYONDRX_OH,8.97
Verify Order,BEYONDRX_OH,7.96
Verify Fill,OHIO,8.52
Verify Order,BEYONDRX_OH,11.67
Verify Order,BEYONDRX_AZ,3.84
Verify Order,OHIO,5.3
Verify Order,BEYONDRX_AZ,7.97
Verify Batch,BEYONDRX_OH,8.87
Verify Fill,BEYONDRX_OH,2.45
Verify Order,BEYONDRX_AZ,5.55
Verify Batch,OHIO,3.93
Verify Fill,BEYONDRX_OH,3.93
Verify Batch,BEYONDRX_AZ,14.56
Verify Fill,OHIO,2.6
Verify Fill,BEYONDRX_AZ,19.24
Verify Batch,BEYONDRX_AZ,2.29
Verify Fill,BEYONDRX_AZ,3.44
Verify Order,BEYONDRX_OH,5.1
Verify Order,BEYONDRX_OH,4.36
Verify Order,BEYONDRX_OH,6.68
Verify Fill,OHIO,3.9
Verify Fill,OHIO,1.99
Verify Batch,BEYONDRX_AZ,9.79
Verify Fill,OHIO,4.35
Verify Fill,BEYONDRX_AZ,4.77
Verify Batch,OHIO,10.76
Verify Batch,BEYONDRX_AZ,5.63
Verify Fill,BEYONDRX_AZ,2.75
Verify Batch,OHIO,6.57
Verify Order,OHIO,10.44
Verify Fill,OHIO,5.86
Verify Batch,BEYONDRX_AZ,11.62
Verify Batch,BEYONDRX_AZ,5.5
Verify Order,BEYONDRX_AZ,4.69
Verify Batch,BEYONDRX_AZ,7.81
Verify Batch,BEYONDRX_AZ,7.0
Verify Batch,OHIO,9.7
Verify Fill,BEYONDRX_OH,9.34
Verify Batch,BEYONDRX_AZ,8.18
Verify Order,OHIO,9.19
Verify Order,BEYONDRX_AZ,13.83
Verify Fill,OHIO,6.46
Verify Order,BEYONDRX_OH,9.75
Verify Order,BEYONDRX_OH,13.07
Verify Batch,BEYONDRX_AZ,9.11
Verify Order,BEYONDRX_OH,11.16
Verify Order,OHIO,9.39
Verify Fill,OHIO,9.35
Verify Fill,OHIO,8.31
Verify Batch,BEYONDRX_OH,5.51
Verify Batch,BEYONDRX_OH,9.61
Verify Batch,OHIO,11.14
Verify Order,BEYONDRX_OH,7.43
Verify Fill,OHIO,6.45
Verify Order,OHIO,10.81
Verify Order,BEYONDRX_OH,10.46
Verify Fill,OHIO,8.54
Verify Fill,BEYONDRX_OH,8.8
Verify Fill,OHIO,9.86
Verify Fill,BEYONDRX_OH,7.97
Verify Batch,OHIO,4.38
Verify Batch,BEYONDRX_AZ,9.07
Verify Fill,BEYONDRX_AZ,12.57
Verify Fill,OHIO,7.8
Verify Batch,BEYONDRX_AZ,5.75
Verify Batch,OHIO,19.03
Verify Fill,BEYONDRX_OH,6.71
Verify Fill,BEYONDRX_AZ,12.49
Verify Fill,OHIO,7.51
Verify Batch,OHIO,3.75
Verify Batch,OHIO,5.49
Verify Fill,OHIO,13.67
Verify Batch,BEYONDRX_OH,12.52
Verify Order,BEYONDRX_OH,11.35
Verify Order,BEYONDRX_OH,8.05
Verify Batch,OHIO,8.14
Verify Fill,OHIO,10.37
Verify Batch,BEYONDRX_OH,5.84
Verify Order,BEYONDRX_OH,11.28
Verify Batch,OHIO,7.07
Verify Batch,OHIO,6.26
Verify Order,OHIO,4.2
Verify Fill,BEYONDRX_OH,6.77
Verify Order,BEYONDRX_AZ,13.12
Verify Batch,BEYONDRX_OH,4.14
Verify Order,OHIO,14.58
Verify Batch,BEYONDRX_AZ,19.07
Verify Order,BEYONDRX_AZ,7.93
Verify Order,BEYONDRX_OH,9.22
Verify Fill,BEYONDRX_OH,3.91
Verify Order,OHIO,10.34
Verify Order,OHIO,5.52
Verify Fill,BEYONDRX_OH,11.96
Verify Batch,BEYONDRX_AZ,11.35
Verify Batch,BEYONDRX_OH,12.21
Verify Fill,BEYONDRX_OH,6.24
Verify Batch,OHIO,12.68
Verify Batch,OHIO,10.44
Verify Batch,BEYONDRX_OH,7.06
Verify Fill,OHIO,4.87
Verify Order,BEYONDRX_AZ,6.09
Verify Fill,BEYONDRX_AZ,7.22
Verify Fill,OHIO,3.67
Verify Fill,BEYONDRX_OH,7.08
Verify Order,OHIO,11.46
Verify Order,OHIO,7.33
Verify Fill,OHIO,4.43
Verify Fill,OHIO,7.41
Verify Order,BEYONDRX_OH,6.05
Verify Batch,BEYONDRX_OH,9.91
Verify Batch,BEYONDRX_AZ,4.39
Verify Order,BEYONDRX_AZ,8.89
Verify Order,OHIO,7.2
Verify Order,OHIO,15.02
Verify Batch,BEYONDRX_AZ,13.1
Verify Order,BEYONDRX_AZ,11.0
Verify Batch,OHIO,9.52
Verify Batch,BEYONDRX_AZ,11.57
Verify Order,BEYONDRX_AZ,6.18
Verify Order,BEYONDRX_OH,11.31
Verify Order,OHIO,5.17
Verify Order,BEYONDRX_OH,5.88
Verify Order,BEYONDRX_AZ,3.53
Verify Order,BEYONDRX_AZ,10.04
Verify Batch,BEYONDRX_OH,12.07
Verify Batch,BEYONDRX_OH,10.35
Verify Fill,BEYONDRX_OH,6.29
Verify Order,OHIO,8.36
Verify Order,BEYONDRX_OH,5.68
Verify Fill,OHIO,13.53
Verify Order,BEYONDRX_AZ,5.91
Verify Fill,BEYONDRX_AZ,12.03
Verify Batch,OHIO,7.81
Verify Batch,BEYONDRX_AZ,10.89
Verify Fill,BEYONDRX_AZ,5.76
Verify Order,BEYONDRX_AZ,9.39
Verify Order,BEYONDRX_AZ,12.78
Verify Fill,BEYONDRX_AZ,9.91
Verify Fill,BEYONDRX_OH,9.11
Verify Batch,BEYONDRX_AZ,7.26
Verify Order,BEYONDRX_OH,11.75
Verify Order,BEYONDRX_AZ,9.97
Verify Batch,BEYONDRX_AZ,6.08
Verify Fill,OHIO,6.09
Verify Order,OHIO,16.04
Verify Order,BEYONDRX_OH,7.72
Verify Fill,OHIO,9.84
Verify Fill,BEYONDRX_OH,13.22
Verify Order,OHIO,5.86
Verify Fill,OHIO,11.55
Verify Fill,BEYONDRX_OH,10.77
Verify Order,OHIO,11.7
Verify Fill,BEYONDRX_OH,13.19
Verify Batch,BEYONDRX_OH,16.9
Verify Order,OHIO,6.7
Verify Fill,BEYONDRX_AZ,10.88
Verify Fill,OHIO,7.03
Verify Batch,BEYONDRX_AZ,1.7
Verify Order,BEYONDRX_OH,7.11
Verify Fill,BEYONDRX_AZ,11.39
Verify Fill,BEYONDRX_OH,3.92
Verify Order,BEYONDRX_OH,8.76
Verify Order,BEYONDRX_AZ,5.59
Verify Order,BEYONDRX_OH,14.23
Verify Batch,BEYONDRX_AZ,10.96
Verify Order,BEYONDRX_OH,5.97
Verify Batch,OHIO,5.16
Verify Fill,BEYONDRX_OH,4.6
Verify Order,BEYONDRX_AZ,5.61
Verify Fill,BEYONDRX_AZ,12.2
Verify Batch,OHIO,8.62
Verify Batch,BEYONDRX_OH,8.34
Verify Batch,BEYONDRX_AZ,8.65
Verify Order,OHIO,8.97
Verify Order,BEYONDRX_OH,8.95
Verify Order,OHIO,13.27
Verify Order,BEYONDRX_OH,5.04
Verify Batch,OHIO,7.29
Verify Order,BEYONDRX_AZ,6.66
Verify Batch,BEYONDRX_AZ,8.58
Verify Order,OHIO,6.03
Verify Batch,OHIO,4.98
Verify Batch,OHIO,4.95
Verify Order,BEYONDRX_AZ,14.25
Verify Fill,OHIO,11.67
Verify Order,OHIO,12.64
Verify Order,OHIO,8.49
Verify Fill,BEYONDRX_AZ,12.74
Verify Order,OHIO,5.84
Verify Batch,BEYONDRX_OH,5.67
Verify Fill,OHIO,6.88
Verify Batch,BEYONDRX_OH,12.83
Verify Order,BEYONDRX_OH,8.62
Verify Order,BEYONDRX_OH,9.51
Verify Fill,BEYONDRX_AZ,5.79
Verify Order,OHIO,10.3
Verify Fill,BEYONDRX_OH,4.28
Verify Order,OHIO,9.14
Verify Fill,BEYONDRX_AZ,3.89
Verify Fill,BEYONDRX_OH,20.86
Verify Order,OHIO,6.23
Verify Batch,OHIO,8.69
Verify Fill,OHIO,5.78
Verify Batch,BEYONDRX_AZ,10.48
Verify Order,OHIO,13.51
Verify Batch,OHIO,5.31
Verify Order,BEYONDRX_OH,14.02
Verify Batch,OHIO,12.04
Verify Batch,BEYONDRX_OH,5.74
Verify Batch,BEYONDRX_OH,15.95
Verify Batch,OHIO,10.39
Verify Order,OHIO,5.84
Verify Order,OHIO,7.89
Verify Fill,OHIO,4.74
Verify Batch,BEYONDRX_OH,2.64
Verify Order,BEYONDRX_AZ,8.02
Verify Batch,OHIO,5.92
Verify Order,BEYONDRX_AZ,12.96
Verify Batch,BEYONDRX_OH,6.91
Verify Order,OHIO,8.64
Verify Order,BEYONDRX_AZ,6.48
Verify Order,OHIO,10.53
Verify Batch,BEYONDRX_OH,4.44
Verify Batch,OHIO,21.94
Verify Fill,BEYONDRX_OH,8.64
Verify Fill,OHIO,7.67
Verify Order,BEYONDRX_OH,3.83
Verify Order,OHIO,11.53
Verify Fill,BEYONDRX_OH,5.78
Verify Order,BEYONDRX_OH,10.6
Verify Fill,OHIO,12.46
Verify Batch,BEYONDRX_OH,6.0
Verify Order,BEYONDRX_AZ,16.0
Verify Batch,OHIO,8.58
Verify Batch,BEYONDRX_OH,8.65
Verify Batch,BEYONDRX_OH,12.81
Verify Batch,BEYONDRX_OH,7.97
Verify Fill,BEYONDRX_OH,6.72
Verify Batch,OHIO,16.74
Verify Fill,BEYONDRX_AZ,14.51
Verify Batch,OHIO,6.69
Verify Fill,BEYONDRX_AZ,8.46
Verify Order,BEYONDRX_AZ,4.81
Verify Order,BEYONDRX_AZ,12.83
Verify Fill,OHIO,11.3
Verify Fill,OHIO,6.7
Verify Batch,BEYONDRX_OH,7.11
Verify Batch,BEYONDRX_AZ,7.72
Verify Batch,BEYONDRX_OH,11.21
Verify Fill,BEYONDRX_OH,11.65
Verify Fill,BEYONDRX_OH,12.53
Verify Fill,BEYONDRX_AZ,5.89
Verify Order,BEYONDRX_OH,6.26
Verify Fill,BEYONDRX_AZ,7.43
Verify Batch,BEYONDRX_OH,11.39
Verify Batch,BEYONDRX_OH,8.14
Verify Order,BEYONDRX_AZ,4.83
Verify Batch,BEYONDRX_AZ,5.77
Verify Order,BEYONDRX_OH,7.18
Verify Fill,BEYONDRX_AZ,9.46
Verify Batch,OHIO,5.06
Verify Batch,OHIO,13.9
Verify Order,OHIO,12.84
Verify Batch,OHIO,5.18
Verify Batch,OHIO,3.22
Verify Fill,OHIO,13.99
Verify Batch,BEYONDRX_OH,11.08
Verify Fill,BEYONDRX_AZ,11.32
Verify Batch,BEYONDRX_OH,13.64
Verify Batch,OHIO,8.66
Verify Order,BEYONDRX_OH,16.82
Verify Order,OHIO,8.08
Verify Fill,OHIO,17.39
Verify Order,BEYONDRX_AZ,11.18
Verify Batch,OHIO,6.97
Verify Fill,BEYONDRX_AZ,4.11
Verify Order,OHIO,3.82
Verify Batch,BEYONDRX_AZ,16.14
Verify Fill,BEYONDRX_OH,6.86
Verify Batch,OHIO,6.87
Verify Order,BEYONDRX_OH,15.38
Verify Fill,BEYONDRX_OH,9.06
Verify Order,BEYONDRX_AZ,9.9
Verify Batch,OHIO,4.06
Verify Order,OHIO,6.45
Verify Order,BEYONDRX_OH,16.47
Verify Fill,BEYONDRX_AZ,4.65
Verify Order,BEYONDRX_AZ,9.9
Verify Order,OHIO,6.32
Verify Fill,OHIO,8.62
Verify Batch,OHIO,1.6
Verify Fill,BEYONDRX_AZ,5.43
Verify Order,OHIO,6.86
Verify Fill,OHIO,8.87
Verify Order,BEYONDRX_AZ,12.4
Verify Batch,BEYONDRX_OH,9.32
Verify Fill,BEYONDRX_AZ,6.26
Verify Fill,BEYONDRX_AZ,7.94
Verify Fill,BEYONDRX_AZ,11.21
Verify Batch,OHIO,12.52
Verify Batch,BEYONDRX_OH,12.38
Verify Batch,BEYONDRX_AZ,10.87
Verify Batch,OHIO,6.33
Verify Fill,BEYONDRX_AZ,6.44
Verify Order,BEYONDRX_OH,16.99
Verify Fill,BEYONDRX_AZ,6.49
Verify Fill,BEYONDRX_AZ,5.38
Verify Fill,BEYONDRX_AZ,11.68
Verify Fill,BEYONDRX_OH,10.24
Verify Fill,BEYONDRX_AZ,16.49
Verify Batch,BEYONDRX_OH,3.96
Verify Order,BEYONDRX_AZ,10.42
Verify Order,OHIO,7.56
Verify Fill,BEYONDRX_AZ,8.77
Verify Fill,OHIO,8.09
Verify Order,BEYONDRX_OH,11.63
Verify Fill,OHIO,3.9
Verify Order,BEYONDRX_AZ,8.4
Verify Batch,OHIO,4.52
Verify Batch,BEYONDRX_OH,10.01
Verify Batch,OHIO,4.76
Verify Fill,BEYONDRX_OH,8.95
Verify Batch,BEYONDRX_AZ,6.25
Verify Batch,BEYONDRX_AZ,9.98
Verify Fill,BEYONDRX_OH,4.59
Verify Order,OHIO,6.77
Verify Order,BEYONDRX_OH,3.59
Verify Batch,BEYONDRX_OH,11.21
Verify Order,OHIO,8.93
Verify Order,BEYONDRX_AZ,8.05
Verify Fill,BEYONDRX_AZ,6.87
Verify Batch,OHIO,10.88
Verify Fill,BEYONDRX_AZ,12.7
Verify Order,OHIO,9.42
Verify Order,BEYONDRX_AZ,7.55
Verify Fill,BEYONDRX_AZ,5.59
Verify Batch,OHIO,9.44
Verify Order,BEYONDRX_OH,5.24
Verify Batch,OHIO,10.99
Verify Fill,BEYONDRX_OH,14.37
Verify Order,BEYONDRX_AZ,5.64
Verify Fill,OHIO,9.5
Verify Fill,BEYONDRX_AZ,8.54
Verify Batch,BEYONDRX_AZ,7.41
Verify Fill,BEYONDRX_AZ,4.39
Verify Order,BEYONDRX_OH,8.75
Verify Order,OHIO,8.13
Verify Fill,BEYONDRX_OH,10.98
Verify Order,OHIO,8.52
Verify Fill,BEYONDRX_AZ,6.79
Verify Batch,OHIO,4.7
Verify Batch,BEYONDRX_AZ,6.17
Verify Fill,BEYONDRX_OH,5.27
Verify Batch,OHIO,10.5
Verify Fill,BEYONDRX_OH,8.81
Verify Order,BEYONDRX_AZ,14.89
Verify Order,OHIO,3.88
Verify Order,BEYONDRX_AZ,6.59
Verify Batch,BEYONDRX_OH,11.5
Verify Fill,OHIO,9.65
Verify Fill,BEYONDRX_OH,6.14
Verify Batch,BEYONDRX_OH,9.15
Verify Order,BEYONDRX_OH,7.89
Verify Order,BEYONDRX_OH,3.77
Verify Fill,OHIO,10.43
Verify Batch,BEYONDRX_AZ,5.34
Verify Fill,BEYONDRX_OH,6.2
Verify Fill,OHIO,11.5
Verify Order,BEYONDRX_OH,5.89
Verify Batch,BEYONDRX_OH,8.47
Verify Batch,OHIO,4.02
Verify Batch,OHIO,5.36
Verify Order,OHIO,16.52
Verify Order,BEYONDRX_OH,5.0
Verify Order,BEYONDRX_AZ,5.23
Verify Order,BEYONDRX_AZ,7.6
Verify Fill,BEYONDRX_AZ,10.31
Verify Batch,BEYONDRX_OH,5.48
Verify Fill,BEYONDRX_AZ,6.17
Verify Fill,BEYONDRX_AZ,13.1
Verify Fill,BEYONDRX_AZ,19.32
Verify Batch,BEYONDRX_AZ,3.88
Verify Order,BEYONDRX_OH,5.9
Verify Order,OHIO,14.94
Verify Batch,OHIO,8.8
Verify Order,BEYONDRX_OH,3.04
Verify Order,BEYONDRX_OH,7.48
Verify Batch,OHIO,5.62
Verify Order,BEYONDRX_AZ,6.56
Verify Batch,BEYONDRX_AZ,5.89
Verify Fill,BEYONDRX_OH,13.14
Verify Order,OHIO,5.79
Verify Fill,BEYONDRX_OH,9.54
Verify Batch,OHIO,8.19
Verify Batch,BEYONDRX_AZ,10.89
Verify Batch,BEYONDRX_OH,5.65
Verify Fill,OHIO,5.11
Verify Fill,BEYONDRX_AZ,7.32
Verify Fill,BEYONDRX_AZ,2.78
Verify Order,OHIO,5.04
Verify Fill,BEYONDRX_OH,6.23
Verify Batch,BEYONDRX_OH,7.71
Verify Order,BEYONDRX_OH,7.4
Verify Fill,BEYONDRX_AZ,11.21
Verify Batch,OHIO,7.03
Verify Fill,OHIO,6.87
Verify Batch,BEYONDRX_AZ,8.99
Verify Batch,BEYONDRX_AZ,12.42
Verify Batch,OHIO,15.1
Verify Batch,BEYONDRX_AZ,3.99
Verify Fill,BEYONDRX_OH,4.33
Verify Order,BEYONDRX_AZ,3.52
Verify Order,OHIO,5.95
Verify Batch,OHIO,7.64
Verify Batch,OHIO,12.6
Verify Order,BEYONDRX_AZ,5.66
Verify Order,OHIO,11.14
Verify Fill,BEYONDRX_OH,11.46
Verify Fill,BEYONDRX_OH,10.51
Verify Order,OHIO,5.29
Verify Order,OHIO,5.41
Verify Batch,BEYONDRX_OH,6.08
Verify Fill,BEYONDRX_OH,7.05
Verify Order,BEYONDRX_AZ,7.94
Verify Batch,OHIO,9.72
Verify Fill,BEYONDRX_AZ,11.62
Verify Batch,OHIO,13.86
Verify Fill,OHIO,6.66
Verify Order,BEYONDRX_OH,5.03
Verify Batch,BEYONDRX_OH,5.98
Verify Order,BEYONDRX_AZ,3.03
Verify Batch,OHIO,6.49
Verify Fill,BEYONDRX_OH,5.78
Verify Batch,OHIO,5.63
Verify Order,BEYONDRX_OH,13.81
Verify Batch,OHIO,6.45
Verify Fill,BEYONDRX_AZ,7.55
Verify Fill,BEYONDRX_OH,6.49
Verify Fill,BEYONDRX_AZ,8.7
Verify Fill,BEYONDRX_OH,7.58
Verify Order,BEYONDRX_OH,7.99
Verify Batch,BEYONDRX_OH,6.81
Verify Batch,BEYONDRX_OH,10.74
Verify Batch,BEYONDRX_OH,10.29
Verify Batch,BEYONDRX_OH,7.65
Verify Batch,BEYONDRX_AZ,7.68
Verify Order,BEYONDRX_AZ,15.53
Verify Batch,OHIO,11.68
Verify Order,OHIO,5.31
Verify Order,BEYONDRX_OH,4.16
Verify Batch,BEYONDRX_AZ,13.39
Verify Fill,BEYONDRX_AZ,5.29
Verify Order,BEYONDRX_AZ,9.78
Verify Batch,OHIO,6.91
Verify Order,BEYONDRX_OH,10.05
Verify Batch,OHIO,3.67
Verify Batch,OHIO,5.53
Verify Order,OHIO,6.72
Verify Order,OHIO,9.31
Verify Batch,BEYONDRX_AZ,1.56
Verify Batch,OHIO,12.67
Verify Batch,BEYONDRX_AZ,7.92
Verify Fill,BEYONDRX_AZ,2.95
Verify Batch,OHIO,5.65
Verify Fill,BEYONDRX_OH,10.48
Verify Order,BEYONDRX_OH,14.9
Verify Fill,BEYONDRX_AZ,4.65
Verify Order,BEYONDRX_AZ,2.77
Verify Batch,BEYONDRX_AZ,10.99
Verify Order,BEYONDRX_OH,13.41
Verify Batch,BEYONDRX_AZ,8.68
Verify Fill,BEYONDRX_OH,10.52
Verify Fill,OHIO,16.3
Verify Order,BEYONDRX_AZ,8.06
Verify Order,BEYONDRX_OH,7.97
Verify Fill,BEYONDRX_AZ,8.58
Verify Batch,OHIO,12.43
Verify Fill,BEYONDRX_AZ,12.6
Verify Fill,BEYONDRX_AZ,10.99
Verify Batch,OHIO,3.7
Verify Batch,OHIO,18.16
Verify Order,BEYONDRX_OH,8.62
Verify Order,OHIO,8.49
Verify Fill,BEYONDRX_AZ,11.01
Verify Fill,BEYONDRX_OH,7.45
Verify Batch,OHIO,12.4
Verify Fill,BEYONDRX_AZ,5.03
Verify Fill,BEYONDRX_OH,11.66
Verify Batch,OHIO,7.38
Verify Batch,OHIO,3.52
Verify Batch,OHIO,10.05
Verify Order,BEYONDRX_OH,4.89
Verify Fill,BEYONDRX_AZ,9.29
Verify Order,OHIO,5.04
Verify Order,BEYONDRX_OH,7.39
Verify Batch,OHIO,15.78
Verify Batch,BEYONDRX_OH,7.01
Verify Batch,OHIO,6.15
Verify Order,BEYONDRX_OH,6.82
Verify Batch,OHIO,14.61
Verify Order,BEYONDRX_OH,7.97
Verify Fill,BEYONDRX_OH,5.71
Verify Order,OHIO,11.44
Verify Order,BEYONDRX_AZ,12.07
Verify Fill,OHIO,9.51
Verify Batch,OHIO,2.53
Verify Order,BEYONDRX_OH,10.99
Verify Order,BEYONDRX_AZ,3.87
Verify Batch,OHIO,7.43
Verify Order,BEYONDRX_OH,16.04
Verify Order,OHIO,11.97
Verify Order,BEYONDRX_OH,9.19
Verify Batch,BEYONDRX_OH,6.44
Verify Order,BEYONDRX_AZ,7.86
Verify Fill,BEYONDRX_OH,3.54
Verify Batch,OHIO,11.71
Verify Order,OHIO,3.45
Verify Fill,BEYONDRX_OH,3.34
Verify Fill,OHIO,14.29
Verify Fill,OHIO,12.81
Verify Batch,OHIO,16.98
Verify Order,BEYONDRX_OH,4.85
Verify Order,BEYONDRX_OH,5.79
Verify Order,BEYONDRX_AZ,8.58
Verify Batch,OHIO,8.72
Verify Fill,BEYONDRX_OH,11.51
Verify Order,OHIO,6.88
Verify Order,BEYONDRX_OH,6.76
Verify Fill,BEYONDRX_OH,3.52
Verify Order,BEYONDRX_OH,9.84
Verify Fill,BEYONDRX_AZ,8.8
Verify Batch,OHIO,2.28
Verify Order,OHIO,6.5
Verify Fill,OHIO,2.61
Verify Order,OHIO,7.21
Verify Fill,OHIO,9.98
Verify Order,BEYONDRX_OH,10.0
Verify Fill,OHIO,8.45
Verify Fill,OHIO,12.9
Verify Fill,BEYONDRX_AZ,7.5
Verify Fill,BEYONDRX_AZ,6.05
Verify Order,BEYONDRX_AZ,5.34
Verify Fill,BEYONDRX_OH,4.21
Verify Batch,BEYONDRX_AZ,9.07
Verify Order,BEYONDRX_AZ,10.2
Verify Fill,BEYONDRX_OH,5.49
Verify Order,OHIO,12.06
Verify Fill,BEYONDRX_AZ,9.34
Verify Order,OHIO,22.55
Verify Order,BEYONDRX_AZ,6.38
Verify Order,BEYONDRX_OH,10.0
Verify Order,BEYONDRX_OH,4.98
Verify Order,OHIO,9.89
Verify Batch,BEYONDRX_AZ,9.68
Verify Batch,OHIO,11.18
Verify Batch,BEYONDRX_AZ,7.56
Verify Fill,OHIO,3.13
Verify Fill,OHIO,9.57
Verify Fill,BEYONDRX_OH,8.33
Verify Order,BEYONDRX_OH,10.5
Verify Batch,OHIO,7.56
Verify Batch,BEYONDRX_AZ,11.31
Verify Batch,BEYONDRX_OH,10.18
Verify Batch,OHIO,9.1
Verify Fill,BEYONDRX_AZ,10.68
Verify Batch,BEYONDRX_AZ,6.16
Verify Batch,BEYONDRX_OH,22.46
Verify Batch,BEYONDRX_AZ,14.01
Verify Batch,BEYONDRX_OH,9.85
Verify Fill,OHIO,6.93
Verify Batch,BEYONDRX_OH,13.07
Verify Fill,BEYONDRX_OH,9.42
Verify Batch,BEYONDRX_OH,6.89
Verify Order,OHIO,10.38
Verify Order,BEYONDRX_AZ,15.03
Verify Order,BEYONDRX_OH,7.52
Verify Batch,BEYONDRX_AZ,5.33
Verify Fill,BEYONDRX_AZ,6.32
Verify Order,BEYONDRX_AZ,5.56
Verify Order,OHIO,10.67
Verify Batch,BEYONDRX_AZ,4.76
Verify Fill,BEYONDRX_AZ,8.45
Verify Order,BEYONDRX_AZ,10.11
Verify Batch,OHIO,5.92
Verify Batch,BEYONDRX_AZ,7.23
Verify Order,OHIO,8.65
Verify Order,BEYONDRX_OH,6.4
Verify Order,BEYONDRX_OH,16.11
Verify Batch,BEYONDRX_OH,8.16
Verify Batch,BEYONDRX_OH,9.17
Verify Order,BEYONDRX_OH,3.82
Verify Batch,OHIO,8.08
Verify Fill,OHIO,15.64
Verify Batch,OHIO,2.11
Verify Fill,OHIO,4.35
Verify Order,BEYONDRX_OH,5.33
Verify Fill,BEYONDRX_OH,2.71
Verify Fill,OHIO,7.01
Verify Batch,OHIO,9.15
Verify Order,BEYONDRX_AZ,6.84
Verify Batch,BEYONDRX_AZ,3.32
Verify Batch,BEYONDRX_OH,5.84
Verify Batch,BEYONDRX_AZ,7.29
Verify Batch,BEYONDRX_OH,6.68
Verify Order,BEYONDRX_AZ,4.17
Verify Batch,BEYONDRX_OH,7.61
Verify Fill,BEYONDRX_AZ,5.4
Verify Fill,BEYONDRX_OH,5.19
Verify Fill,OHIO,10.31
Verify Fill,BEYONDRX_AZ,8.59
Verify Batch,BEYONDRX_OH,14.57
Verify Order,BEYONDRX_AZ,7.96
Verify Batch,OHIO,8.21
Verify Order,BEYONDRX_AZ,3.0
Verify Fill,BEYONDRX_OH,7.87
Verify Batch,BEYONDRX_OH,6.65
Verify Batch,OHIO,15.18
Verify Order,OHIO,7.42
Verify Fill,OHIO,5.92
Verify Fill,OHIO,6.2
Verify Batch,BEYONDRX_OH,4.4
Verify Fill,BEYONDRX_AZ,3.83
Verify Order,BEYONDRX_OH,4.62
Verify Fill,BEYONDRX_AZ,6.41
Verify Batch,BEYONDRX_OH,9.73
Verify Batch,OHIO,4.07
Verify Fill,BEYONDRX_OH,14.89
Verify Fill,OHIO,3.24
Verify Batch,BEYONDRX_OH,3.2
Verify Batch,OHIO,2.68
Verify Batch,BEYONDRX_AZ,8.45
Verify Order,BEYONDRX_OH,10.64
Verify Batch,BEYONDRX_AZ,10.69
Verify Batch,BEYONDRX_AZ,6.23
Verify Order,BEYONDRX_OH,10.49
Verify Batch,BEYONDRX_AZ,3.07
Verify Fill,BEYONDRX_OH,5.73
Verify Fill,OHIO,13.57
Verify Fill,BEYONDRX_OH,9.91
Verify Fill,BEYONDRX_OH,6.26
Verify Order,BEYONDRX_AZ,8.49
Verify Fill,BEYONDRX_OH,7.23
Verify Order,BEYONDRX_AZ,12.51
Verify Order,OHIO,11.63
Verify Order,BEYONDRX_AZ,3.38
Verify Fill,OHIO,7.36
Verify Batch,OHIO,11.29
Verify Batch,OHIO,8.46
Verify Batch,OHIO,6.34
Verify Order,BEYONDRX_AZ,9.98
Verify Batch,BEYONDRX_AZ,11.04
Verify Batch,OHIO,6.81
Verify Fill,OHIO,4.0
Verify Order,OHIO,8.55
Verify Fill,BEYONDRX_OH,7.97
Verify Order,OHIO,6.24
Verify Order,BEYONDRX_OH,7.62
Verify Fill,BEYONDRX_AZ,12.83
Verify Batch,BEYONDRX_OH,3.01
Verify Fill,OHIO,12.93
Verify Batch,BEYONDRX_OH,10.25
Verify Order,BEYONDRX_AZ,9.88
Verify Batch,BEYONDRX_AZ,14.91
Verify Order,OHIO,3.53
Verify Order,BEYONDRX_AZ,6.1
Verify Fill,BEYONDRX_AZ,3.21
Verify Fill,BEYONDRX_OH,7.98
Verify Fill,BEYONDRX_AZ,9.59
Verify Batch,BEYONDRX_OH,16.06
Verify Batch,BEYONDRX_AZ,3.64
Verify Fill,BEYONDRX_OH,7.38
Verify Batch,OHIO,13.29
Verify Order,BEYONDRX_OH,4.2
Verify Order,BEYONDRX_AZ,8.84
Verify Fill,BEYONDRX_AZ,7.96
Verify Batch,BEYONDRX_AZ,2.3
Verify Batch,BEYONDRX_AZ,3.58
Verify Order,BEYONDRX_AZ,6.0
Verify Batch,BEYONDRX_AZ,2.58
Verify Fill,OHIO,3.71
Verify Fill,OHIO,17.01
Verify Order,OHIO,9.79
Verify Order,BEYONDRX_AZ,9.0
Verify Order,BEYONDRX_OH,6.57
Verify Fill,BEYONDRX_AZ,10.07
Verify Fill,OHIO,6.18
Verify Fill,BEYONDRX_AZ,6.14
Verify Batch,BEYONDRX_AZ,7.91
Verify Fill,BEYONDRX_OH,7.99
Verify Fill,BEYONDRX_OH,9.54
Verify Batch,OHIO,7.75
Verify Fill,BEYONDRX_OH,9.66
Verify Fill,BEYONDRX_OH,5.5
Verify Batch,BEYONDRX_OH,8.84
Verify Order,BEYONDRX_AZ,2.13
Verify Order,BEYONDRX_OH,7.32
Verify Batch,BEYONDRX_OH,9.06
Verify Batch,BEYONDRX_AZ,4.42
Verify Fill,BEYONDRX_AZ,5.34
Verify Order,BEYONDRX_AZ,6.65
Verify Fill,BEYONDRX_OH,5.83
Verify Fill,BEYONDRX_AZ,6.6
Verify Order,OHIO,10.7
Verify Fill,OHIO,8.83
Verify Order,OHIO,2.29
Verify Order,OHIO,7.09
Verify Fill,BEYONDRX_OH,8.84
Verify Fill,BEYONDRX_OH,8.71
Verify Order,BEYONDRX_OH,15.97
Verify Batch,OHIO,6.87
Verify Batch,OHIO,11.45
Verify Fill,BEYONDRX_AZ,12.84
Verify Order,BEYONDRX_AZ,3.7
Verify Batch,OHIO,2.99
Verify Order,BEYONDRX_AZ,5.58
Verify Batch,BEYONDRX_OH,4.75
Verify Fill,BEYONDRX_AZ,11.74
Verify Batch,BEYONDRX_OH,2.37
Verify Batch,BEYONDRX_AZ,10.06
Verify Fill,BEYONDRX_OH,4.12
Verify Fill,OHIO,10.09
Verify Order,BEYONDRX_AZ,18.74
Verify Order,BEYONDRX_OH,8.84
Verify Batch,BEYONDRX_AZ,3.35
Verify Order,BEYONDRX_AZ,7.33
Verify Batch,BEYONDRX_OH,5.39
Verify Batch,BEYONDRX_OH,7.02
Verify Batch,BEYONDRX_OH,7.91
Verify Order,OHIO,5.58
Verify Fill,BEYONDRX_AZ,16.87
Verify Fill,OHIO,9.98
Verify Batch,OHIO,6.65
Verify Order,BEYONDRX_OH,6.45
Verify Fill,OHIO,2.62
Verify Order,OHIO,7.4
Verify Batch,OHIO,4.69
Verify Order,OHIO,10.48
Verify Order,BEYONDRX_AZ,5.25
Verify Fill,BEYONDRX_OH,5.53
Verify Order,OHIO,12.56
Verify Fill,BEYONDRX_AZ,5.37
Verify Order,OHIO,13.64
Verify Fill,BEYONDRX_OH,13.52
Verify Batch,BEYONDRX_AZ,4.94
Verify Order,BEYONDRX_AZ,7.93
Verify Batch,BEYONDRX_OH,6.58
Verify Batch,OHIO,8.78
Verify Fill,BEYONDRX_AZ,10.21
Verify Fill,BEYONDRX_OH,11.18
Verify Fill,BEYONDRX_AZ,9.23
Verify Order,BEYONDRX_OH,8.24
Verify Batch,BEYONDRX_OH,9.4
Verify Order,OHIO,10.72
Verify Fill,BEYONDRX_OH,5.85
Verify Batch,BEYONDRX_AZ,3.42
Verify Order,OHIO,3.61
Verify Batch,BEYONDRX_OH,7.79
Verify Fill,OHIO,12.12
Verify Batch,BEYONDRX_OH,4.74
Verify Batch,BEYONDRX_AZ,8.04
Verify Fill,BEYONDRX_AZ,9.9
Verify Batch,BEYONDRX_OH,7.71
Verify Fill,BEYONDRX_AZ,10.34
Verify Batch,BEYONDRX_AZ,18.03
Verify Fill,BEYONDRX_AZ,7.66
Verify Fill,BEYONDRX_AZ,7.29
Verify Batch,BEYONDRX_AZ,9.87
Verify Fill,BEYONDRX_OH,8.42
Verify Order,OHIO,7.81
Verify Fill,BEYONDRX_AZ,4.42
Verify Fill,BEYONDRX_AZ,7.89
Verify Fill,OHIO,5.61
Verify Batch,OHIO,6.15
Verify Fill,BEYONDRX_AZ,14.26
Verify Order,OHIO,10.17
Verify Fill,OHIO,9.69
Verify Order,BEYONDRX_AZ,9.32
Verify Fill,BEYONDRX_OH,7.72
Verify Order,BEYONDRX_AZ,11.61
Verify Order,OHIO,5.93
Verify Batch,BEYONDRX_OH,10.39
Verify Order,BEYONDRX_AZ,8.35
Verify Batch,BEYONDRX_AZ,7.65
Verify Fill,OHIO,5.69
Verify Fill,BEYONDRX_AZ,16.66
Verify Fill,OHIO,6.19
Verify Batch,OHIO,6.93
Verify Order,BEYONDRX_OH,8.9
Verify Order,BEYONDRX_AZ,4.86
Verify Fill,BEYONDRX_OH,1.87
Verify Order,BEYONDRX_OH,5.96
Verify Batch,BEYONDRX_AZ,12.69
Verify Fill,BEYONDRX_OH,5.21
Verify Order,BEYONDRX_AZ,8.16
Verify Order,BEYONDRX_AZ,6.08
Verify Order,OHIO,14.83
Verify Order,BEYONDRX_OH,20.52
Verify Order,BEYONDRX_OH,6.01
Verify Batch,OHIO,7.25
Verify Order,BEYONDRX_AZ,3.3
Verify Batch,BEYONDRX_AZ,16.34
Verify Order,BEYONDRX_OH,6.17
Verify Batch,BEYONDRX_AZ,3.89
Verify Order,BEYONDRX_OH,7.41
Verify Order,OHIO,13.53
Verify Batch,OHIO,7.32
Verify Batch,BEYONDRX_OH,3.27
Verify Batch,OHIO,6.63
Verify Order,OHIO,7.06
Verify Fill,BEYONDRX_AZ,3.28
Verify Order,BEYONDRX_OH,3.22
Verify Batch,BEYONDRX_AZ,8.27
Verify Order,BEYONDRX_OH,4.61
Verify Order,BEYONDRX_AZ,8.29
Verify Batch,OHIO,11.17
Verify Batch,BEYONDRX_AZ,6.71
Verify Batch,OHIO,11.54
Verify Batch,BEYONDRX_AZ,4.65
Verify Order,OHIO,5.1
Verify Fill,BEYONDRX_AZ,4.52
Verify Batch,OHIO,11.48
Verify Batch,OHIO,7.98
Verify Fill,BEYONDRX_AZ,5.0
Verify Fill,OHIO,13.89
Verify Fill,BEYONDRX_OH,8.17
Verify Fill,BEYONDRX_OH,3.4
Verify Batch,BEYONDRX_AZ,8.96
Verify Batch,BEYONDRX_OH,8.33
Verify Fill,BEYONDRX_AZ,6.5
Verify Batch,OHIO,11.98
Verify Order,OHIO,6.55
Verify Fill,OHIO,10.18
Verify Order,OHIO,3.12
Verify Batch,OHIO,8.82
Verify Order,BEYONDRX_OH,18.41
Verify Batch,BEYONDRX_OH,9.37
Verify Fill,BEYONDRX_OH,8.47
Verify Order,BEYONDRX_OH,12.96
Verify Batch,BEYONDRX_OH,6.2
Verify Order,BEYONDRX_AZ,12.01
Verify Fill,BEYONDRX_AZ,11.04
Verify Fill,BEYONDRX_AZ,15.09
Verify Fill,BEYONDRX_OH,11.67
Verify Fill,BEYONDRX_OH,4.87
Verify Fill,BEYONDRX_OH,6.57
Verify Order,BEYONDRX_OH,4.73
Verify Batch,BEYONDRX_OH,4.89
Verify Batch,BEYONDRX_AZ,7.51
Verify Fill,BEYONDRX_OH,10.72
Verify Order,BEYONDRX_OH,8.43
Verify Fill,OHIO,10.74
Verify Batch,BEYONDRX_AZ,14.61
Verify Order,OHIO,13.88
Verify Fill,BEYONDRX_AZ,8.07
Verify Fill,OHIO,4.77
Verify Batch,OHIO,8.95
Verify Fill,BEYONDRX_OH,9.81
Verify Fill,BEYONDRX_OH,8.47
Verify Fill,BEYONDRX_OH,7.38
Verify Fill,BEYONDRX_OH,8.31
Verify Fill,BEYONDRX_AZ,3.02
Verify Order,BEYONDRX_AZ,8.13
Verify Order,BEYONDRX_OH,6.53
Verify Batch,OHIO,13.24
Verify Order,BEYONDRX_AZ,9.09
Verify Order,OHIO,4.28
Verify Fill,BEYONDRX_AZ,9.28
Verify Fill,BEYONDRX_OH,7.67
Verify Order,OHIO,8.88
Verify Fill,BEYONDRX_OH,5.26
Verify Fill,BEYONDRX_OH,11.22
Verify Fill,BEYONDRX_OH,12.57
Verify Order,BEYONDRX_OH,7.55
Verify Fill,BEYONDRX_AZ,8.62
Verify Order,OHIO,6.47
Verify Fill,BEYONDRX_AZ,11.04
Verify Order,BEYONDRX_AZ,7.72
Verify Batch,OHIO,7.48
Verify Batch,BEYONDRX_OH,17.06
Verify Order,BEYONDRX_AZ,7.69
Verify Batch,BEYONDRX_AZ,6.55
Verify Order,OHIO,7.59
Verify Batch,OHIO,5.19
Verify Fill,BEYONDRX_OH,15.23
Verify Batch,OHIO,6.77
Verify Order,BEYONDRX_OH,4.9
Verify Batch,BEYONDRX_OH,4.75
Verify Order,BEYONDRX_OH,3.68
Verify Order,BEYONDRX_AZ,8.7
Verify Batch,BEYONDRX_AZ,12.5
Verify Order,BEYONDRX_OH,4.78
Verify Order,OHIO,4.56
Verify Fill,OHIO,10.06
Verify Order,BEYONDRX_OH,10.85
Verify Fill,OHIO,10.34
Verify Fill,OHIO,7.97
Verify Order,BEYONDRX_OH,9.94
Verify Batch,BEYONDRX_OH,7.13
Verify Order,BEYONDRX_AZ,2.78
Verify Order,OHIO,3.62
Verify Batch,BEYONDRX_OH,9.64
Verify Fill,BEYONDRX_AZ,7.31
Verify Order,OHIO,5.99
Verify Fill,OHIO,4.28
Verify Fill,BEYONDRX_OH,8.04
Verify Order,BEYONDRX_AZ,3.04
Verify Order,BEYONDRX_AZ,9.46
Verify Order,BEYONDRX_OH,7.06
Verify Order,OHIO,11.15
Verify Order,OHIO,4.6
Verify Batch,BEYONDRX_AZ,10.48
Verify Order,BEYONDRX_OH,3.89
Verify Batch,BEYONDRX_AZ,8.33
Verify Batch,BEYONDRX_AZ,10.25
Verify Batch,BEYONDRX_AZ,5.33
Verify Order,BEYONDRX_OH,10.81
Verify Fill,OHIO,11.91
Verify Batch,BEYONDRX_AZ,8.22
Verify Order,BEYONDRX_AZ,5.61
Verify Batch,OHIO,8.34
Verify Order,BEYONDRX_OH,11.13
Verify Fill,BEYONDRX_AZ,15.69
Verify Batch,BEYONDRX_AZ,7.81
Verify Order,BEYONDRX_OH,11.89
Verify Order,BEYONDRX_AZ,10.56
Verify Batch,BEYONDRX_OH,4.66
Verify Order,OHIO,13.07
Verify Batch,BEYONDRX_OH,13.08
Verify Order,BEYONDRX_OH,7.93
Verify Fill,BEYONDRX_OH,5.12
Verify Fill,BEYONDRX_AZ,5.58
Verify Order,OHIO,2.26
Verify Fill,BEYONDRX_AZ,9.17
Verify Batch,BEYONDRX_OH,2.65
Verify Fill,BEYONDRX_OH,7.54
Verify Batch,BEYONDRX_AZ,6.31
Verify Order,OHIO,9.94
Verify Fill,OHIO,9.3
Verify Batch,BEYONDRX_AZ,6.53
Verify Fill,BEYONDRX_AZ,2.48
Verify Order,OHIO,2.87
Verify Fill,BEYONDRX_AZ,8.54
Verify Order,OHIO,12.66
Verify Fill,OHIO,6.1
Verify Order,BEYONDRX_AZ,4.75
Verify Order,BEYONDRX_AZ,9.8
Verify Batch,OHIO,3.82
Verify Fill,OHIO,20.72
Verify Batch,BEYONDRX_AZ,4.9
Verify Order,OHIO,5.35
Verify Order,BEYONDRX_OH,7.28
Verify Fill,BEYONDRX_OH,7.29
Verify Order,OHIO,13.58
Verify Fill,BEYONDRX_AZ,11.91
Verify Order,BEYONDRX_AZ,9.13
Verify Fill,OHIO,12.66
Verify Batch,OHIO,7.51
Verify Fill,BEYONDRX_AZ,10.44
Verify Fill,BEYONDRX_AZ,12.33
Verify Batch,BEYONDRX_AZ,5.2
Verify Order,BEYONDRX_AZ,12.64
Verify Order,BEYONDRX_OH,13.21
Verify Fill,BEYONDRX_OH,10.85
Verify Batch,OHIO,4.18
Verify Order,OHIO,6.02
Verify Batch,BEYONDRX_OH,4.81
Verify Order,BEYONDRX_AZ,9.96
Verify Batch,OHIO,2.26
Verify Fill,BEYONDRX_OH,7.33
Verify Batch,BEYONDRX_OH,9.48
Verify Fill,OHIO,6.31
Verify Batch,BEYONDRX_OH,5.04
Verify Order,OHIO,7.99
Verify Order,OHIO,2.73
Verify Batch,BEYONDRX_OH,13.84
Verify Batch,BEYONDRX_OH,7.27
Verify Batch,BEYONDRX_OH,7.17
Verify Order,OHIO,3.52
Verify Batch,BEYONDRX_AZ,5.23
Verify Batch,OHIO,7.35
Verify Batch,BEYONDRX_AZ,2.47
Verify Fill,OHIO,12.31
Verify Order,BEYONDRX_AZ,6.92
Verify Order,BEYONDRX_AZ,6.47
Verify Fill,BEYONDRX_AZ,10.14
Verify Fill,OHIO,7.06
Verify Fill,BEYONDRX_AZ,4.69
Verify Batch,BEYONDRX_AZ,4.47
Verify Fill,BEYONDRX_AZ,4.73
Verify Order,OHIO,10.43
Verify Fill,BEYONDRX_OH,7.03
Verify Fill,OHIO,11.18
Verify Fill,BEYONDRX_AZ,6.88
Verify Order,BEYONDRX_OH,3.06
Verify Fill,BEYONDRX_OH,7.68
Verify Order,BEYONDRX_AZ,4.49
Verify Order,OHIO,7.95
Verify Fill,BEYONDRX_OH,8.92
Verify Order,OHIO,10.4
Verify Order,BEYONDRX_OH,5.01
Verify Fill,OHIO,8.82
Verify Order,BEYONDRX_AZ,6.39
Verify Fill,BEYONDRX_OH,10.49
Verify Order,BEYONDRX_OH,7.24
Verify Batch,BEYONDRX_OH,12.21
Verify Order,BEYONDRX_AZ,4.4
Verify Order,OHIO,6.13
Verify Order,BEYONDRX_AZ,9.68
Verify Fill,OHIO,14.47
Verify Batch,BEYONDRX_OH,4.64
Verify Order,BEYONDRX_AZ,10.15
Verify Order,BEYONDRX_OH,16.12
Verify Order,BEYONDRX_OH,4.95
Verify Fill,OHIO,14.56
Verify Batch,OHIO,5.68
Verify Order,OHIO,8.59
Verify Batch,BEYONDRX_OH,6.86
Verify Batch,OHIO,9.62
Verify Fill,BEYONDRX_OH,6.15
Verify Batch,BEYONDRX_OH,3.49
Verify Fill,BEYONDRX_AZ,6.36
Verify Batch,BEYONDRX_OH,12.85
Verify Fill,OHIO,4.74
Verify Fill,BEYONDRX_OH,6.91
Verify Batch,OHIO,7.49
Verify Batch,BEYONDRX_OH,13.61
Verify Batch,BEYONDRX_OH,11.53
Verify Order,OHIO,12.68
Verify Order,BEYONDRX_AZ,13.19
Verify Batch,OHIO,19.62
Verify Order,BEYONDRX_OH,4.06
Verify Order,BEYONDRX_AZ,10.23
Verify Order,BEYONDRX_OH,11.59
Verify Order,OHIO,7.94
Verify Fill,BEYONDRX_AZ,7.79
Verify Batch,BEYONDRX_AZ,5.31
Verify Batch,BEYONDRX_OH,6.37
Verify Order,BEYONDRX_AZ,4.99
Verify Batch,BEYONDRX_OH,10.63
Verify Order,OHIO,7.08
Verify Fill,OHIO,3.91
Verify Batch,BEYONDRX_AZ,6.04
Verify Order,BEYONDRX_AZ,10.82
Verify Batch,OHIO,10.54
Verify Fill,BEYONDRX_AZ,13.38
Verify Batch,BEYONDRX_AZ,6.56
Verify Batch,BEYONDRX_AZ,19.08
Verify Fill,BEYONDRX_OH,9.38
Verify Batch,OHIO,5.31
Verify Fill,OHIO,8.57
Verify Batch,OHIO,10.02
Verify Fill,OHIO,9.13
Verify Order,BEYONDRX_AZ,10.14
Verify Order,BEYONDRX_AZ,5.95
Verify Batch,BEYONDRX_AZ,11.49
Verify Batch,BEYONDRX_AZ,7.05
Verify Fill,BEYONDRX_OH,7.88
Verify Order,BEYONDRX_OH,9.4
Verify Order,BEYONDRX_AZ,3.98
Verify Batch,OHIO,7.98
Verify Order,BEYONDRX_OH,8.85
Verify Order,OHIO,11.87
Verify Batch,BEYONDRX_OH,4.25
Verify Fill,OHIO,10.62
Verify Order,BEYONDRX_OH,6.05
Verify Batch,BEYONDRX_AZ,4.86
Verify Fill,BEYONDRX_AZ,7.97
Verify Batch,BEYONDRX_OH,1.98
Verify Fill,BEYONDRX_OH,7.65
Verify Order,OHIO,2.63
Verify Order,BEYONDRX_AZ,1.3
Verify Batch,BEYONDRX_OH,6.08
Verify Fill,BEYONDRX_AZ,7.24
Verify Batch,OHIO,5.63
Verify Fill,BEYONDRX_OH,8.04
Verify Batch,BEYONDRX_OH,8.55
Verify Order,BEYONDRX_OH,13.07
Verify Batch,OHIO,8.22
Verify Fill,OHIO,12.12
Verify Order,BEYONDRX_AZ,6.82
Verify Fill,OHIO,13.02
Verify Order,BEYONDRX_AZ,7.44
Verify Batch,BEYONDRX_AZ,12.59
Verify Batch,BEYONDRX_AZ,3.46
Verify Fill,BEYONDRX_AZ,7.59
Verify Batch,BEYONDRX_AZ,3.59
Verify Batch,BEYONDRX_OH,9.37
Verify Fill,BEYONDRX_OH,9.62
Verify Fill,BEYONDRX_OH,7.34
Verify Order,BEYONDRX_AZ,6.96
Verify Batch,BEYONDRX_AZ,8.86
Verify Order,BEYONDRX_OH,6.76
Verify Fill,BEYONDRX_AZ,5.43
Verify Batch,BEYONDRX_OH,6.97
Verify Fill,BEYONDRX_OH,7.53
Verify Order,BEYONDRX_OH,3.1
Verify Order,BEYONDRX_OH,10.42
Verify Fill,OHIO,3.93
Verify Fill,BEYONDRX_OH,9.44
Verify Batch,BEYONDRX_OH,10.92
Verify Order,OHIO,10.54
Verify Fill,BEYONDRX_OH,5.67
Verify Order,OHIO,11.42
Verify Batch,OHIO,3.35
Verify Batch,BEYONDRX_AZ,9.73
Verify Order,OHIO,3.9
Verify Order,BEYONDRX_AZ,7.34
Verify Fill,OHIO,9.38
Verify Batch,OHIO,3.94
Verify Batch,OHIO,8.2
Verify Fill,BEYONDRX_AZ,8.55
Verify Batch,BEYONDRX_AZ,16.76
Verify Order,BEYONDRX_AZ,4.87
Verify Fill,BEYONDRX_OH,5.92
Verify Order,BEYONDRX_OH,6.88
Verify Batch,BEYONDRX_AZ,7.68
Verify Fill,OHIO,8.0
Verify Fill,OHIO,5.03
Verify Batch,OHIO,6.65
Verify Batch,BEYONDRX_OH,8.6
Verify Fill,OHIO,13.73
Verify Order,OHIO,5.92
Verify Batch,BEYONDRX_OH,6.72
Verify Order,BEYONDRX_AZ,7.93
Verify Order,BEYONDRX_OH,4.39
Verify Fill,BEYONDRX_AZ,7.25
Verify Order,BEYONDRX_OH,12.52
Verify Batch,OHIO,6.27
Verify Batch,OHIO,9.39
Verify Batch,OHIO,9.65
Verify Fill,BEYONDRX_AZ,9.14
Verify Batch,BEYONDRX_OH,7.49
Verify Fill,BEYONDRX_AZ,12.3
Verify Order,BEYONDRX_OH,7.05
Verify Batch,BEYONDRX_AZ,5.83
Verify Fill,BEYONDRX_OH,14.34
Verify Batch,BEYONDRX_OH,6.42
Verify Fill,BEYONDRX_AZ,9.05
Verify Batch,BEYONDRX_AZ,11.12
Verify Order,BEYONDRX_AZ,5.75
Verify Fill,BEYONDRX_AZ,2.19
Verify Fill,BEYONDRX_OH,7.5
Verify Batch,OHIO,14.1
Verify Batch,OHIO,9.69
Verify Order,OHIO,7.58
Verify Order,BEYONDRX_AZ,11.61
Verify Fill,OHIO,6.47
Verify Fill,BEYONDRX_OH,2.04
Verify Batch,BEYONDRX_OH,7.66
Verify Order,BEYONDRX_AZ,8.3
Verify Order,BEYONDRX_OH,10.72
Verify Batch,OHIO,14.15
Verify Fill,BEYONDRX_OH,9.39
Verify Batch,BEYONDRX_AZ,10.18
Verify Batch,OHIO,5.69
Verify Batch,OHIO,11.83
Verify Order,OHIO,6.93
Verify Batch,OHIO,5.96
Verify Batch,BEYONDRX_AZ,12.62
Verify Order,BEYONDRX_AZ,8.75
Verify Batch,BEYONDRX_OH,6.69
Verify Batch,BEYONDRX_AZ,14.62
Verify Order,BEYONDRX_OH,10.06
Verify Batch,BEYONDRX_OH,4.71
Verify Order,OHIO,8.12
Verify Fill,BEYONDRX_OH,4.24
Verify Batch,BEYONDRX_OH,2.54
Verify Fill,BEYONDRX_AZ,3.34
Verify Batch,OHIO,11.95
Verify Fill,BEYONDRX_OH,9.32
Verify Batch,BEYONDRX_OH,1.96
Verify Fill,BEYONDRX_AZ,5.97
Verify Batch,BEYONDRX_AZ,10.12
Verify Order,BEYONDRX_OH,5.91
Verify Order,OHIO,11.51
Verify Fill,BEYONDRX_OH,13.18
Verify Order,BEYONDRX_AZ,10.53
Verify Fill,BEYONDRX_OH,12.08
Verify Fill,OHIO,10.11
Verify Fill,BEYONDRX_AZ,8.47
Verify Batch,BEYONDRX_AZ,14.65
Verify Order,OHIO,8.85
Verify Fill,BEYONDRX_AZ,6.1
Verify Batch,OHIO,7.07
Verify Fill,OHIO,13.74
Verify Order,OHIO,8.12
Verify Order,BEYONDRX_AZ,9.17
Verify Order,BEYONDRX_OH,5.5
Verify Batch,BEYONDRX_OH,10.24
Verify Batch,BEYONDRX_OH,4.89
Verify Batch,BEYONDRX_OH,4.24
Verify Fill,OHIO,6.69
Verify Order,BEYONDRX_OH,7.01
Verify Batch,OHIO,6.66
Verify Fill,BEYONDRX_AZ,9.84
Verify Order,OHIO,5.57
Verify Order,BEYONDRX_AZ,7.09
Verify Order,OHIO,2.88
Verify Order,BEYONDRX_AZ,7.67
Verify Order,BEYONDRX_OH,7.85
Verify Batch,BEYONDRX_OH,3.12
Verify Fill,OHIO,8.61
Verify Batch,OHIO,8.78
Verify Batch,BEYONDRX_OH,6.89
Verify Order,BEYONDRX_AZ,7.53
Verify Order,OHIO,7.37
Verify Fill,BEYONDRX_OH,11.67
Verify Batch,BEYONDRX_AZ,6.91
Verify Fill,BEYONDRX_AZ,3.22
Verify Order,BEYONDRX_AZ,7.83
Verify Order,BEYONDRX_AZ,14.39
Verify Batch,BEYONDRX_AZ,10.76
Verify Order,BEYONDRX_OH,3.12
Verify Order,BEYONDRX_AZ,4.77
Verify Batch,OHIO,6.05
Verify Fill,BEYONDRX_AZ,9.04
Verify Batch,OHIO,13.83
Verify Order,BEYONDRX_OH,10.75
Verify Fill,BEYONDRX_OH,14.79
Verify Fill,BEYONDRX_OH,2.9
Verify Order,OHIO,6.43
Verify Fill,BEYONDRX_OH,10.94
Verify Order,BEYONDRX_OH,5.22
Verify Batch,BEYONDRX_AZ,12.78
Verify Order,BEYONDRX_OH,8.77
Verify Order,OHIO,4.47
Verify Order,BEYONDRX_OH,7.37
Verify Fill,BEYONDRX_OH,13.87
Verify Fill,BEYONDRX_OH,13.18
Verify Order,BEYONDRX_AZ,7.06
Verify Fill,OHIO,8.61
Verify Order,OHIO,10.2
Verify Fill,BEYONDRX_AZ,6.98
Verify Fill,BEYONDRX_OH,7.97
Verify Fill,BEYONDRX_OH,5.84
Verify Batch,OHIO,8.62
Verify Fill,BEYONDRX_OH,6.27
Verify Fill,BEYONDRX_OH,4.37
Verify Fill,BEYONDRX_OH,6.52
Verify Batch,BEYONDRX_OH,7.0
Verify Order,BEYONDRX_OH,13.32
Verify Fill,BEYONDRX_AZ,4.14
Verify Fill,OHIO,3.5
Verify Batch,BEYONDRX_AZ,8.59
Verify Fill,OHIO,15.78
Verify Batch,OHIO,7.89
Verify Fill,BEYONDRX_AZ,10.13
Verify Batch,OHIO,4.98
Verify Batch,OHIO,6.49
Verify Fill,OHIO,9.63
Verify Batch,BEYONDRX_AZ,5.02
Verify Fill,BEYONDRX_AZ,9.94
Verify Fill,OHIO,8.0
Verify Fill,OHIO,17.95
Verify Batch,BEYONDRX_AZ,0.91
Verify Fill,BEYONDRX_OH,6.47
Verify Order,BEYONDRX_OH,9.36
Verify Batch,BEYONDRX_OH,4.36
Verify Order,OHIO,8.19
Verify Batch,BEYONDRX_OH,4.44
Verify Batch,OHIO,6.78
Verify Batch,BEYONDRX_OH,4.76
Verify Order,OHIO,6.77
Verify Batch,BEYONDRX_AZ,7.19
Verify Order,BEYONDRX_AZ,6.62
Verify Order,OHIO,8.28
Verify Fill,OHIO,15.92
Verify Batch,BEYONDRX_OH,12.95
Verify Order,BEYONDRX_AZ,6.58
Verify Order,BEYONDRX_AZ,4.16
Verify Fill,OHIO,4.19
Verify Fill,OHIO,8.83
Verify Batch,BEYONDRX_AZ,12.84
Verify Order,OHIO,6.76
Verify Order,BEYONDRX_OH,10.95
Verify Order,BEYONDRX_OH,3.69
Verify Order,OHIO,5.24
Verify Order,BEYONDRX_AZ,3.17
Verify Batch,BEYONDRX_OH,6.07
Verify Fill,OHIO,11.2
Verify Fill,OHIO,14.67
Verify Batch,BEYONDRX_AZ,8.13
Verify Order,BEYONDRX_OH,5.13
Verify Fill,BEYONDRX_OH,7.47
Verify Order,OHIO,5.97
Verify Batch,OHIO,11.44
Verify Fill,BEYONDRX_AZ,3.05
Verify Fill,OHIO,12.36
Verify Order,BEYONDRX_OH,7.14
Verify Batch,BEYONDRX_OH,2.47
Verify Order,BEYONDRX_AZ,10.05
Verify Order,BEYONDRX_AZ,5.06
Verify Batch,OHIO,6.54
Verify Order,OHIO,15.68
Verify Fill,OHIO,5.02
Verify Batch,OHIO,3.26
Verify Fill,OHIO,21.6
Verify Batch,OHIO,7.2
Verify Order,BEYONDRX_OH,13.51
Verify Batch,BEYONDRX_AZ,6.07
Verify Fill,BEYONDRX_OH,11.71
Verify Order,OHIO,10.86
Verify Order,OHIO,7.23
Verify Batch,BEYONDRX_OH,4.18
Verify Order,BEYONDRX_OH,4.76
Verify Fill,OHIO,9.71
Verify Order,OHIO,11.75
Verify Fill,BEYONDRX_AZ,12.19
Verify Batch,OHIO,17.42
Verify Batch,OHIO,5.2
Verify Fill,BEYONDRX_AZ,7.03
Verify Batch,OHIO,11.86
Verify Batch,BEYONDRX_AZ,6.43
Verify Fill,BEYONDRX_AZ,1.28
Verify Batch,BEYONDRX_AZ,12.15
Verify Fill,OHIO,10.83
Verify Batch,BEYONDRX_AZ,12.83
Verify Order,BEYONDRX_AZ,6.54
Verify Order,BEYONDRX_OH,9.73
Verify Fill,OHIO,1.56
Verify Order,BEYONDRX_AZ,5.95
Verify Order,OHIO,6.12
Verify Fill,OHIO,6.21
Verify Batch,BEYONDRX_OH,10.19
Verify Order,OHIO,11.18
Verify Batch,BEYONDRX_AZ,0.75
Verify Order,BEYONDRX_OH,7.76
Verify Order,BEYONDRX_AZ,15.77
Verify Batch,OHIO,6.76
Verify Fill,BEYONDRX_AZ,2.64
Verify Fill,OHIO,8.98
Verify Batch,BEYONDRX_AZ,3.72
Verify Fill,BEYONDRX_AZ,5.41
Verify Batch,BEYONDRX_AZ,6.49
Verify Fill,OHIO,7.58
Verify Batch,BEYONDRX_OH,7.66
Verify Fill,BEYONDRX_OH,3.36
Verify Order,BEYONDRX_AZ,13.4
Verify Batch,BEYONDRX_AZ,10.43
Verify Fill,OHIO,4.46
Verify Fill,OHIO,10.46
Verify Fill,BEYONDRX_OH,7.03
Verify Batch,OHIO,13.65
Verify Batch,BEYONDRX_AZ,8.91
Verify Batch,BEYONDRX_OH,11.91
Verify Batch,BEYONDRX_OH,5.71
Verify Order,BEYONDRX_OH,6.65
Verify Fill,OHIO,6.53
Verify Fill,OHIO,8.42
Verify Fill,BEYONDRX_AZ,13.06
Verify Fill,OHIO,6.06
Verify Order,BEYONDRX_OH,7.48
Verify Fill,OHIO,4.54
Verify Order,BEYONDRX_AZ,5.85
Verify Batch,OHIO,5.09
Verify Order,BEYONDRX_OH,10.16
Verify Batch,BEYONDRX_OH,6.6
Verify Batch,BEYONDRX_AZ,6.6
Verify Fill,BEYONDRX_AZ,9.02
Verify Fill,OHIO,9.09
Verify Batch,BEYONDRX_OH,9.93
Verify Fill,BEYONDRX_OH,5.98
Verify Fill,OHIO,8.88
Verify Order,OHIO,2.66
Verify Fill,OHIO,12.05
Verify Order,BEYONDRX_OH,10.95
Verify Fill,OHIO,6.22
Verify Order,OHIO,9.34
Verify Batch,BEYONDRX_OH,11.04
Verify Batch,OHIO,3.87
Verify Order,OHIO,11.38
Verify Batch,OHIO,6.96
Verify Order,OHIO,10.32
Verify Batch,OHIO,10.04
Verify Batch,OHIO,4.99
Verify Fill,BEYONDRX_OH,6.45
Verify Fill,BEYONDRX_AZ,8.29
Verify Fill,OHIO,5.84
Verify Batch,BEYONDRX_OH,7.14
Verify Fill,BEYONDRX_AZ,5.11
Verify Fill,OHIO,10.32
Verify Fill,BEYONDRX_AZ,5.12
Verify Batch,OHIO,14.78
Verify Order,OHIO,4.46
Verify Batch,BEYONDRX_AZ,11.55
Verify Batch,OHIO,9.95
Verify Order,OHIO,9.4
Verify Batch,BEYONDRX_OH,8.16
Verify Fill,BEYONDRX_AZ,10.96
Verify Fill,BEYONDRX_AZ,8.33
Verify Order,BEYONDRX_OH,13.29
Verify Batch,BEYONDRX_AZ,7.75
Verify Batch,BEYONDRX_OH,8.08
Verify Batch,OHIO,10.68
Verify Order,BEYONDRX_OH,4.0
Verify Batch,BEYONDRX_AZ,9.41
Verify Batch,BEYONDRX_OH,15.59
Verify Order,BEYONDRX_AZ,12.03
Verify Fill,OHIO,7.73
Verify Batch,BEYONDRX_OH,7.88
Verify Fill,OHIO,15.43
Verify Fill,BEYONDRX_OH,5.17
Verify Order,OHIO,1.57
Verify Fill,BEYONDRX_OH,11.02
Verify Order,BEYONDRX_AZ,6.2
Verify Batch,BEYONDRX_OH,5.15
Verify Batch,BEYONDRX_OH,8.03
Verify Order,BEYONDRX_AZ,12.56
Verify Fill,OHIO,12.74
Verify Order,BEYONDRX_OH,9.71
Verify Order,BEYONDRX_OH,7.89
Verify Order,OHIO,10.53
Verify Order,OHIO,4.96
Verify Fill,OHIO,8.43
Verify Order,BEYONDRX_AZ,14.61
Verify Order,OHIO,10.33
Verify Fill,BEYONDRX_AZ,6.45
Verify Order,BEYONDRX_OH,6.81
Verify Fill,OHIO,6.46
Verify Batch,BEYONDRX_AZ,5.89
Verify Fill,OHIO,7.15
Verify Order,OHIO,8.61
Verify Order,BEYONDRX_AZ,7.82
Verify Fill,OHIO,4.12
Verify Batch,BEYONDRX_AZ,10.5
Verify Order,BEYONDRX_OH,6.32
Verify Order,BEYONDRX_AZ,10.57
Verify Order,BEYONDRX_AZ,10.46
Verify Fill,BEYONDRX_AZ,6.07
Verify Order,OHIO,7.3
Verify Batch,BEYONDRX_OH,10.31
Verify Order,BEYONDRX_OH,6.69
Verify Order,BEYONDRX_OH,4.64
Verify Batch,OHIO,14.3
Verify Fill,BEYONDRX_AZ,5.11
Verify Batch,OHIO,7.6
Verify Order,BEYONDRX_OH,14.2
Verify Batch,OHIO,4.11
Verify Order,BEYONDRX_AZ,9.53
Verify Fill,BEYONDRX_AZ,7.54
Verify Fill,BEYONDRX_OH,10.88
Verify Order,BEYONDRX_AZ,7.25
Verify Order,BEYONDRX_OH,2.54
Verify Order,OHIO,7.58
Verify Fill,BEYONDRX_AZ,8.64
Verify Batch,OHIO,2.58
Verify Order,OHIO,8.37
Verify Batch,OHIO,13.74
Verify Order,BEYONDRX_AZ,5.34
Verify Batch,OHIO,5.74
Verify Batch,OHIO,11.53
Verify Batch,BEYONDRX_OH,8.3
Verify Fill,OHIO,7.22
Verify Batch,BEYONDRX_OH,9.66
Verify Fill,OHIO,5.26
Verify Fill,BEYONDRX_AZ,12.52
Verify Fill,OHIO,8.88
Verify Fill,OHIO,8.89
Verify Batch,OHIO,6.25
Verify Fill,BEYONDRX_OH,10.83
Verify Fill,BEYONDRX_OH,4.47
Verify Batch,BEYONDRX_OH,7.25
Verify Order,OHIO,6.36
Verify Fill,OHIO,4.05
Verify Order,BEYONDRX_AZ,6.27
Verify Fill,BEYONDRX_AZ,6.03
Verify Order,OHIO,5.15
Verify Batch,OHIO,10.5
Verify Order,BEYONDRX_OH,15.1
Verify Fill,BEYONDRX_AZ,3.79
Verify Order,BEYONDRX_AZ,4.73
Verify Batch,BEYONDRX_OH,15.02
Verify Fill,OHIO,6.19
Verify Order,BEYONDRX_AZ,3.16
Verify Order,OHIO,8.29
Verify Fill,BEYONDRX_AZ,4.14
Verify Order,BEYONDRX_OH,12.62
Verify Order,BEYONDRX_AZ,10.94
Verify Order,OHIO,7.44
Verify Fill,BEYONDRX_AZ,11.56
Verify Fill,OHIO,5.45
Verify Fill,BEYONDRX_OH,2.12
Verify Batch,BEYONDRX_OH,11.12
Verify Fill,BEYONDRX_AZ,10.63
Verify Fill,BEYONDRX_OH,10.95
Verify Order,BEYONDRX_OH,4.9
Verify Fill,BEYONDRX_AZ,8.51
Verify Batch,BEYONDRX_AZ,10.12
Verify Batch,BEYONDRX_AZ,8.61
Verify Batch,OHIO,5.51
Verify Batch,OHIO,9.61
Verify Batch,BEYONDRX_OH,8.87
Verify Order,BEYONDRX_AZ,13.26
Verify Batch,BEYONDRX_OH,4.93
Verify Order,BEYONDRX_OH,5.41
Verify Fill,OHIO,7.49
Verify Fill,BEYONDRX_AZ,6.04
Verify Batch,BEYONDRX_AZ,10.84
Verify Order,BEYONDRX_OH,13.07
Verify Batch,OHIO,17.61
Verify Order,BEYONDRX_OH,5.47
Verify Batch,OHIO,13.86
Verify Batch,BEYONDRX_OH,11.36
Verify Order,BEYONDRX_AZ,5.84
Verify Fill,BEYONDRX_OH,14.86
Verify Batch,BEYONDRX_OH,9.16
Verify Fill,BEYONDRX_AZ,7.65
Verify Fill,BEYONDRX_OH,7.31
Verify Fill,BEYONDRX_OH,7.18
Verify Order,OHIO,4.7
Verify Fill,BEYONDRX_OH,6.81
Verify Batch,OHIO,11.4
Verify Fill,BEYONDRX_OH,6.7
Verify Fill,BEYONDRX_AZ,6.19
Verify Fill,BEYONDRX_OH,3.72
Verify Batch,BEYONDRX_AZ,10.99
Verify Fill,OHIO,9.52
Verify Batch,BEYONDRX_AZ,7.1
Verify Fill,BEYONDRX_AZ,3.53
Verify Fill,BEYONDRX_AZ,9.15
Verify Fill,BEYONDRX_AZ,4.75
Verify Order,OHIO,9.65
Verify Batch,OHIO,6.98
Verify Batch,BEYONDRX_OH,4.78
Verify Fill,BEYONDRX_OH,15.58
Verify Batch,BEYONDRX_AZ,6.26
Verify Fill,BEYONDRX_OH,4.18
Verify Fill,BEYONDRX_AZ,7.37
Verify Batch,BEYONDRX_OH,10.67
Verify Batch,BEYONDRX_AZ,6.26
Verify Order,BEYONDRX_AZ,7.3
Verify Order,BEYONDRX_OH,11.16
Verify Order,BEYONDRX_OH,6.51
Verify Batch,BEYONDRX_OH,12.22
Verify Fill,BEYONDRX_AZ,6.72
Verify Fill,OHIO,10.48
Verify Fill,BEYONDRX_OH,7.61
Verify Batch,BEYONDRX_AZ,14.55
Verify Fill,OHIO,12.65
Verify Fill,BEYONDRX_OH,10.49
Verify Fill,BEYONDRX_AZ,6.77
Verify Order,BEYONDRX_OH,4.4
Verify Fill,BEYONDRX_OH,4.76
Verify Order,BEYONDRX_OH,11.77
Verify Order,BEYONDRX_OH,6.64
Verify Batch,OHIO,5.59
Verify Fill,OHIO,12.5
Verify Batch,BEYONDRX_OH,10.6
Verify Fill,BEYONDRX_AZ,8.14
Verify Batch,BEYONDRX_OH,2.02
Verify Order,OHIO,7.39
Verify Order,OHIO,6.31
Verify Fill,OHIO,7.53
Verify Batch,BEYONDRX_AZ,7.4
Verify Batch,BEYONDRX_AZ,13.03
Verify Batch,BEYONDRX_OH,11.46
Verify Batch,BEYONDRX_OH,5.89
Verify Fill,BEYONDRX_AZ,9.94
Verify Batch,OHIO,8.14
Verify Order,BEYONDRX_AZ,6.23
Verify Fill,BEYONDRX_OH,17.59
Verify Batch,BEYONDRX_AZ,7.85
Verify Order,BEYONDRX_AZ,7.76
Verify Fill,BEYONDRX_OH,2.53
Verify Order,OHIO,5.75
Verify Batch,BEYONDRX_OH,2.96
Verify Batch,OHIO,10.01
Verify Batch,BEYONDRX_AZ,11.95
Verify Batch,BEYONDRX_AZ,8.16
Verify Fill,BEYONDRX_OH,13.07
Verify Order,BEYONDRX_AZ,15.35
Verify Batch,BEYONDRX_OH,4.95
Verify Batch,BEYONDRX_AZ,12.79
Verify Fill,BEYONDRX_OH,11.45
Verify Order,BEYONDRX_OH,7.26
Verify Order,OHIO,19.66
Verify Batch,BEYONDRX_OH,12.22
Verify Fill,OHIO,14.38
Verify Batch,BEYONDRX_OH,5.54
Verify Batch,BEYONDRX_OH,9.03
Verify Fill,BEYONDRX_AZ,4.67
Verify Fill,OHIO,14.19
Verify Order,BEYONDRX_OH,10.74
Verify Fill,BEYONDRX_OH,10.78
Verify Fill,BEYONDRX_AZ,8.89
Verify Batch,BEYONDRX_AZ,6.12
Verify Batch,OHIO,5.0
Verify Fill,BEYONDRX_OH,5.7
Verify Batch,OHIO,6.21
Verify Order,BEYONDRX_OH,7.12
Verify Batch,BEYONDRX_OH,8.86
Verify Fill,BEYONDRX_OH,6.58
Verify Order,BEYONDRX_AZ,6.73
Verify Batch,OHIO,6.02
Verify Fill,BEYONDRX_AZ,19.8
Verify Fill,BEYONDRX_AZ,6.4
Verify Fill,BEYONDRX_AZ,8.01
Verify Batch,BEYONDRX_OH,20.01
Verify Order,OHIO,3.05
Verify Fill,BEYONDRX_OH,9.81
Verify Fill,OHIO,8.11
Verify Fill,BEYONDRX_AZ,9.59
Verify Batch,OHIO,7.98
Verify Fill,OHIO,9.63
Verify Batch,OHIO,5.52
Verify Order,BEYONDRX_AZ,9.5
Verify Order,OHIO,13.71
Verify Fill,BEYONDRX_AZ,14.33
Verify Batch,BEYONDRX_AZ,7.27
Verify Fill,BEYONDRX_AZ,11.16
Verify Fill,BEYONDRX_OH,4.92
Verify Batch,BEYONDRX_OH,11.77
Verify Batch,BEYONDRX_AZ,6.51
Verify Order,BEYONDRX_OH,7.66
Verify Batch,OHIO,17.39
Verify Fill,BEYONDRX_OH,6.65
Verify Order,OHIO,8.59
Verify Batch,BEYONDRX_AZ,4.96
Verify Batch,OHIO,10.35
Verify Batch,BEYONDRX_AZ,5.76
Verify Fill,BEYONDRX_AZ,4.03
Verify Fill,BEYONDRX_AZ,5.83
Verify Batch,OHIO,5.76
Verify Order,BEYONDRX_AZ,10.08
Verify Order,OHIO,16.5
Verify Order,OHIO,3.8
Verify Order,BEYONDRX_OH,3.27
Verify Fill,BEYONDRX_OH,6.56
Verify Fill,OHIO,11.68
Verify Fill,BEYONDRX_OH,7.41
Verify Fill,OHIO,8.36
Verify Order,BEYONDRX_AZ,4.17
Verify Fill,OHIO,10.6
Verify Batch,OHIO,13.72
Verify Order,OHIO,14.93
Verify Order,BEYONDRX_OH,5.79
Verify Order,BEYONDRX_OH,8.39
Verify Batch,BEYONDRX_OH,14.56
Verify Fill,OHIO,5.82
Verify Fill,BEYONDRX_AZ,8.34
Verify Fill,OHIO,4.24
Verify Order,BEYONDRX_AZ,6.78
Verify Batch,BEYONDRX_AZ,14.32
Verify Batch,BEYONDRX_AZ,8.97
Verify Batch,BEYONDRX_OH,8.44
Verify Fill,BEYONDRX_AZ,6.3
Verify Batch,BEYONDRX_OH,7.93
Verify Batch,BEYONDRX_AZ,9.64
Verify Order,BEYONDRX_AZ,12.45
Verify Batch,BEYONDRX_OH,3.88
Verify Fill,OHIO,15.65
Verify Order,BEYONDRX_OH,6.45
Verify Order,OHIO,9.75
Verify Batch,OHIO,5.09
Verify Fill,BEYONDRX_AZ,6.41
Verify Order,BEYONDRX_AZ,7.44
Verify Order,BEYONDRX_OH,16.06
Verify Order,OHIO,2.37
Verify Batch,BEYONDRX_OH,11.35
Verify Batch,BEYONDRX_AZ,9.61
Verify Batch,BEYONDRX_AZ,7.69
Verify Fill,BEYONDRX_OH,8.2
Verify Order,BEYONDRX_OH,8.24
Verify Batch,OHIO,12.8
Verify Order,OHIO,13.76
Verify Batch,BEYONDRX_AZ,6.81
Verify Fill,BEYONDRX_OH,5.64
Verify Fill,BEYONDRX_OH,8.15
Verify Fill,BEYONDRX_OH,14.8
Verify Order,BEYONDRX_OH,10.13
Verify Batch,BEYONDRX_AZ,14.16
Verify Batch,OHIO,7.68
Verify Order,BEYONDRX_OH,11.94
Verify Batch,BEYONDRX_AZ,8.95
Verify Order,BEYONDRX_OH,13.78
Verify Fill,OHIO,22.11
Verify Fill,BEYONDRX_OH,7.82
Verify Order,BEYONDRX_AZ,4.8
Verify Batch,BEYONDRX_OH,10.45
Verify Fill,BEYONDRX_OH,4.86
Verify Order,BEYONDRX_OH,10.57
Verify Batch,BEYONDRX_AZ,21.38
Verify Batch,OHIO,3.57
Verify Order,BEYONDRX_AZ,14.99
Verify Fill,BEYONDRX_AZ,6.21
Verify Order,OHIO,6.18
Verify Fill,BEYONDRX_AZ,11.38
Verify Fill,BEYONDRX_OH,7.12
Verify Fill,BEYONDRX_OH,7.63
Verify Order,BEYONDRX_AZ,6.05
Verify Order,BEYONDRX_AZ,9.88
Verify Batch,BEYONDRX_AZ,6.74
Verify Order,BEYONDRX_AZ,7.25
Verify Fill,BEYONDRX_OH,2.36
Verify Order,OHIO,12.37
Verify Order,OHIO,12.73
Verify Order,OHIO,20.66
Verify Order,BEYONDRX_OH,16.8
Verify Fill,BEYONDRX_AZ,6.36
Verify Batch,BEYONDRX_AZ,12.4
Verify Fill,OHIO,8.37
Verify Fill,BEYONDRX_AZ,16.54
Verify Fill,BEYONDRX_AZ,5.02
Verify Batch,OHIO,12.72
Verify Order,BEYONDRX_OH,18.83
Verify Batch,OHIO,15.67
Verify Fill,OHIO,8.73
Verify Fill,OHIO,16.55
Verify Batch,BEYONDRX_OH,5.7
Verify Order,BEYONDRX_OH,6.84
Verify Batch,BEYONDRX_AZ,5.4
Verify Fill,BEYONDRX_OH,14.57
Verify Fill,BEYONDRX_AZ,10.39
Verify Fill,BEYONDRX_AZ,14.08
Verify Order,BEYONDRX_AZ,7.39
Verify Fill,BEYONDRX_OH,8.63
Verify Fill,BEYONDRX_AZ,11.58
Verify Batch,BEYONDRX_AZ,11.3
Verify Batch,BEYONDRX_AZ,9.4
Verify Batch,BEYONDRX_AZ,5.63
Verify Order,BEYONDRX_OH,6.81
Verify Order,BEYONDRX_OH,11.81
Verify Fill,BEYONDRX_AZ,13.24
Verify Order,BEYONDRX_OH,6.53
Verify Order,OHIO,6.08
Verify Order,OHIO,7.37
Verify Batch,BEYONDRX_OH,3.88
Verify Fill,BEYONDRX_OH,4.67
Verify Fill,BEYONDRX_OH,10.49
Verify Batch,BEYONDRX_AZ,5.35
Verify Batch,BEYONDRX_AZ,6.99
Verify Batch,OHIO,11.79
Verify Fill,BEYONDRX_OH,8.97
Verify Batch,BEYONDRX_OH,6.76
Verify Fill,OHIO,10.97
Verify Batch,BEYONDRX_AZ,6.24
Verify Batch,BEYONDRX_OH,7.04
Verify Fill,BEYONDRX_OH,16.23
Verify Batch,BEYONDRX_AZ,7.26
Verify Batch,BEYONDRX_AZ,11.44
Verify Fill,BEYONDRX_OH,5.95
Verify Order,BEYONDRX_AZ,5.63
Verify Batch,BEYONDRX_OH,9.79
Verify Batch,BEYONDRX_AZ,4.84
Verify Fill,OHIO,4.0
Verify Fill,BEYONDRX_OH,6.26
Verify Order,OHIO,21.84
Verify Fill,BEYONDRX_AZ,4.17
Verify Fill,BEYONDRX_OH,10.6
Verify Batch,OHIO,7.26
Verify Batch,BEYONDRX_AZ,8.38
Verify Batch,BEYONDRX_OH,3.11
Verify Order,BEYONDRX_AZ,12.27
Verify Order,BEYONDRX_AZ,7.65
Verify Order,BEYONDRX_OH,18.71
Verify Batch,BEYONDRX_OH,8.42
Verify Batch,BEYONDRX_AZ,6.13
Verify Fill,BEYONDRX_OH,7.2
Verify Fill,BEYONDRX_AZ,2.21
Verify Batch,BEYONDRX_OH,12.13
Verify Order,BEYONDRX_AZ,5.17
Verify Batch,BEYONDRX_AZ,7.47
Verify Order,OHIO,7.27
Verify Batch,BEYONDRX_AZ,13.33
Verify Fill,BEYONDRX_OH,9.13
Verify Batch,OHIO,12.94
Verify Batch,BEYONDRX_OH,6.69
Verify Order,BEYONDRX_OH,9.79
Verify Order,BEYONDRX_AZ,3.26
Verify Order,BEYONDRX_OH,9.08
Verify Order,BEYONDRX_OH,4.85
Verify Batch,BEYONDRX_OH,7.25
Verify Fill,BEYONDRX_OH,9.67
Verify Batch,OHIO,9.42
Verify Order,OHIO,17.15
Verify Fill,BEYONDRX_AZ,5.35
Verify Batch,OHIO,11.76
Verify Batch,BEYONDRX_AZ,8.07
Verify Batch,BEYONDRX_AZ,11.46
Verify Order,BEYONDRX_AZ,5.29
Verify Fill,BEYONDRX_OH,8.89
Verify Order,OHIO,6.06
Verify Fill,OHIO,17.19
Verify Fill,BEYONDRX_OH,11.43
Verify Batch,OHIO,4.76
Verify Order,OHIO,8.28
Verify Fill,OHIO,3.7
Verify Fill,BEYONDRX_OH,11.55
Verify Order,BEYONDRX_AZ,11.18
Verify Order,OHIO,4.84
Verify Order,BEYONDRX_AZ,6.89
Verify Batch,OHIO,6.95
Verify Fill,OHIO,7.57
Verify Fill,BEYONDRX_OH,3.78
Verify Fill,BEYONDRX_OH,12.57
Verify Order,BEYONDRX_AZ,6.33
Verify Batch,OHIO,9.72
Verify Order,BEYONDRX_OH,8.94
Verify Order,OHIO,8.49
Verify Batch,OHIO,7.33
Verify Order,BEYONDRX_OH,4.22
Verify Fill,OHIO,9.15
Verify Fill,BEYONDRX_AZ,7.15
Verify Order,OHIO,8.19
Verify Fill,BEYONDRX_AZ,8.58
Verify Batch,BEYONDRX_OH,7.26
Verify Order,BEYONDRX_OH,6.67
Verify Order,BEYONDRX_AZ,17.17
Verify Batch,BEYONDRX_OH,5.67
Verify Batch,BEYONDRX_AZ,4.96
Verify Batch,BEYONDRX_AZ,7.36
Verify Order,BEYONDRX_AZ,11.83
Verify Order,BEYONDRX_AZ,13.74
Verify Order,BEYONDRX_OH,6.78
Verify Batch,OHIO,12.95
Verify Order,BEYONDRX_AZ,3.99
Verify Fill,OHIO,4.74
Verify Batch,OHIO,8.88
Verify Batch,BEYONDRX_OH,6.59
Verify Fill,BEYONDRX_AZ,8.37
Verify Fill,BEYONDRX_OH,6.07
Verify Fill,OHIO,7.36
Verify Order,BEYONDRX_AZ,2.28
Verify Fill,BEYONDRX_OH,6.31
Verify Order,BEYONDRX_OH,11.74
Verify Fill,BEYONDRX_AZ,12.38
Verify Fill,OHIO,5.58
Verify Batch,BEYONDRX_OH,5.78
Verify Fill,OHIO,2.92
Verify Batch,BEYONDRX_OH,7.5
Verify Fill,BEYONDRX_AZ,6.55
Verify Order,BEYONDRX_AZ,11.31
Verify Batch,BEYONDRX_AZ,13.11
Verify Fill,BEYONDRX_OH,2.39
Verify Fill,OHIO,8.7
Verify Fill,BEYONDRX_AZ,15.11
Verify Order,BEYONDRX_OH,9.52
Verify Order,BEYONDRX_AZ,11.58
Verify Fill,BEYONDRX_AZ,2.3
Verify Order,BEYONDRX_AZ,12.27
Verify Fill,BEYONDRX_AZ,11.2
Verify Fill,OHIO,9.26
Verify Order,BEYONDRX_OH,5.05
Verify Fill,BEYONDRX_AZ,3.41
Verify Order,BEYONDRX_OH,13.22
Verify Batch,BEYONDRX_AZ,8.65
Verify Batch,OHIO,12.22
Verify Batch,OHIO,3.95
Verify Batch,BEYONDRX_AZ,5.94
Verify Fill,BEYONDRX_AZ,9.13
Verify Fill,BEYONDRX_AZ,5.86
Verify Batch,BEYONDRX_AZ,9.28
Verify Batch,BEYONDRX_AZ,16.56
Verify Batch,BEYONDRX_OH,3.48
Verify Order,BEYONDRX_OH,6.33
Verify Fill,BEYONDRX_OH,6.75
Verify Batch,BEYONDRX_OH,2.73
Verify Order,OHIO,8.64
Verify Batch,BEYONDRX_OH,6.99
Verify Fill,BEYONDRX_OH,11.89
Verify Batch,BEYONDRX_OH,11.8
Verify Batch,BEYONDRX_AZ,8.74
Verify Order,BEYONDRX_AZ,7.03
Verify Batch,BEYONDRX_AZ,9.43
Verify Batch,OHIO,5.16
Verify Fill,BEYONDRX_OH,5.94
Verify Fill,OHIO,11.88
Verify Order,OHIO,8.0
Verify Fill,OHIO,10.33
Verify Batch,BEYONDRX_OH,10.94
Verify Order,OHIO,6.82
Verify Order,BEYONDRX_OH,4.87
Verify Batch,BEYONDRX_OH,6.12
Verify Fill,BEYONDRX_OH,3.46
Verify Order,OHIO,9.92
Verify Batch,OHIO,7.56
Verify Fill,OHIO,4.35
Verify Fill,OHIO,9.75
Verify Order,BEYONDRX_AZ,7.37
Verify Fill,BEYONDRX_OH,3.43
Verify Fill,BEYONDRX_AZ,7.84
Verify Fill,OHIO,6.41
Verify Order,BEYONDRX_AZ,7.45
Verify Fill,OHIO,8.89
Verify Batch,BEYONDRX_AZ,9.57
Verify Fill,OHIO,6.4
Verify Batch,OHIO,10.75
Verify Batch,BEYONDRX_OH,5.15
Verify Batch,BEYONDRX_AZ,11.48
Verify Order,BEYONDRX_AZ,6.95
Verify Fill,OHIO,8.28
Verify Order,OHIO,7.87
Verify Batch,BEYONDRX_AZ,7.74
Verify Fill,BEYONDRX_OH,4.67
Verify Batch,OHIO,7.39
Verify Order,OHIO,11.39
Verify Fill,OHIO,10.85
Verify Batch,BEYONDRX_OH,8.67
Verify Batch,OHIO,14.0
Verify Fill,BEYONDRX_AZ,4.64
Verify Fill,BEYONDRX_AZ,3.85
Verify Order,BEYONDRX_OH,5.85
Verify Order,BEYONDRX_AZ,9.33
Verify Order,BEYONDRX_OH,2.19
Verify Batch,BEYONDRX_AZ,13.61
Verify Order,OHIO,3.96
Verify Batch,OHIO,7.92
Verify Batch,BEYONDRX_OH,8.44
Verify Fill,OHIO,9.96
Verify Order,BEYONDRX_OH,8.41
Verify Order,BEYONDRX_AZ,8.36
Verify Batch,BEYONDRX_OH,6.3
Verify Batch,BEYONDRX_AZ,6.72
Verify Batch,BEYONDRX_OH,6.33
Verify Batch,BEYONDRX_OH,16.85
Verify Order,OHIO,10.86
Verify Order,BEYONDRX_OH,8.25
Verify Order,OHIO,10.12
Verify Fill,BEYONDRX_OH,6.99
Verify Order,OHIO,10.54
Verify Fill,BEYONDRX_OH,8.59
Verify Batch,OHIO,5.73
Verify Batch,OHIO,4.35
Verify Fill,OHIO,7.3
Verify Order,BEYONDRX_AZ,6.44
Verify Batch,BEYONDRX_AZ,7.42
Verify Fill,BEYONDRX_OH,10.65
Verify Fill,OHIO,13.41
Verify Fill,OHIO,4.93
Verify Batch,OHIO,10.58
Verify Batch,OHIO,7.67
Verify Fill,BEYONDRX_OH,9.03
Verify Fill,BEYONDRX_OH,11.78
Verify Fill,BEYONDRX_OH,7.12
Verify Batch,BEYONDRX_AZ,14.28
Verify Order,BEYONDRX_OH,8.23
Verify Order,BEYONDRX_AZ,8.37
Verify Fill,BEYONDRX_AZ,5.59
Verify Order,BEYONDRX_OH,13.33
Verify Order,OHIO,2.9
Verify Fill,BEYONDRX_OH,12.84
Verify Batch,OHIO,4.01
Verify Fill,OHIO,7.17
Verify Fill,BEYONDRX_AZ,3.43
Verify Batch,BEYONDRX_AZ,10.98
Verify Batch,BEYONDRX_OH,15.45
Verify Order,OHIO,5.11
Verify Batch,BEYONDRX_OH,10.06
Verify Fill,BEYONDRX_AZ,11.11
Verify Fill,BEYONDRX_AZ,8.83
Verify Batch,BEYONDRX_OH,6.32
Verify Batch,BEYONDRX_OH,4.37
Verify Fill,BEYONDRX_OH,11.63
Verify Fill,OHIO,6.63
Verify Fill,BEYONDRX_AZ,8.59
Verify Batch,OHIO,10.8
Verify Order,BEYONDRX_OH,8.38
Verify Order,BEYONDRX_OH,7.44
Verify Order,OHIO,2.56
Verify Fill,OHIO,15.46
Verify Fill,BEYONDRX_OH,5.41
Verify Batch,BEYONDRX_OH,9.16
Verify Batch,BEYONDRX_OH,9.3
Verify Batch,OHIO,8.66
Verify Batch,BEYONDRX_OH,12.19
Verify Fill,BEYONDRX_OH,13.63
Verify Order,BEYONDRX_AZ,5.14
Verify Order,OHIO,7.57
Verify Batch,OHIO,6.19
Verify Order,BEYONDRX_OH,10.16
Verify Order,OHIO,2.62
Verify Fill,BEYONDRX_OH,5.63
Verify Order,OHIO,6.65
Verify Batch,BEYONDRX_OH,10.67
Verify Fill,BEYONDRX_OH,4.27
Verify Order,BEYONDRX_AZ,7.11
Verify Fill,OHIO,7.03
Verify Batch,BEYONDRX_OH,21.16
Verify Order,BEYONDRX_AZ,3.2
Verify Batch,BEYONDRX_AZ,16.81
Verify Order,BEYONDRX_OH,6.99
Verify Batch,BEYONDRX_AZ,3.92
Verify Order,BEYONDRX_AZ,18.46
Verify Order,BEYONDRX_OH,6.07
Verify Batch,OHIO,18.82
Verify Batch,OHIO,3.83
Verify Order,BEYONDRX_AZ,5.59
Verify Batch,BEYONDRX_AZ,12.93
Verify Fill,OHIO,9.46
Verify Batch,BEYONDRX_AZ,8.03
Verify Batch,BEYONDRX_OH,6.27
Verify Order,OHIO,2.31
Verify Order,BEYONDRX_OH,8.9
Verify Fill,BEYONDRX_OH,3.62
Verify Order,OHIO,8.17
Verify Batch,BEYONDRX_AZ,4.65
Verify Order,BEYONDRX_OH,7.73
Verify Batch,BEYONDRX_AZ,8.62
Verify Batch,BEYONDRX_OH,6.78
Verify Batch,OHIO,9.16
Verify Batch,OHIO,17.21
Verify Fill,BEYONDRX_OH,2.39
Verify Batch,BEYONDRX_OH,10.52
Verify Order,BEYONDRX_AZ,7.16
Verify Order,OHIO,7.83
Verify Order,BEYONDRX_OH,7.99
Verify Fill,OHIO,13.32
Verify Batch,OHIO,5.4
Verify Batch,OHIO,5.35
Verify Batch,OHIO,7.57
Verify Order,OHIO,6.73
Verify Order,BEYONDRX_OH,12.44
Verify Batch,BEYONDRX_AZ,3.92
Verify Fill,OHIO,9.06
Verify Fill,BEYONDRX_AZ,7.83
Verify Fill,BEYONDRX_AZ,6.56
Verify Order,BEYONDRX_OH,12.22
Verify Batch,OHIO,5.63
Verify Order,OHIO,24.77
Verify Order,BEYONDRX_OH,10.45
Verify Order,BEYONDRX_AZ,7.58
Verify Batch,BEYONDRX_OH,12.82
Verify Order,BEYONDRX_OH,7.31
Verify Batch,BEYONDRX_AZ,9.96
Verify Batch,BEYONDRX_OH,8.0
Verify Fill,BEYONDRX_OH,9.61
Verify Batch,OHIO,3.59
Verify Order,BEYONDRX_OH,4.56
Verify Fill,BEYONDRX_AZ,11.4
Verify Order,BEYONDRX_AZ,16.26
Verify Fill,BEYONDRX_AZ,10.08
Verify Order,OHIO,12.47
Verify Fill,OHIO,6.61
Verify Batch,BEYONDRX_OH,12.25
Verify Fill,OHIO,14.33
Verify Order,OHIO,10.46
Verify Fill,BEYONDRX_OH,6.95
Verify Fill,BEYONDRX_AZ,7.86
Verify Batch,OHIO,11.01
Verify Order,BEYONDRX_OH,2.55
Verify Order,BEYONDRX_OH,9.44
Verify Order,OHIO,7.76
Verify Batch,BEYONDRX_OH,13.19
Verify Fill,BEYONDRX_AZ,6.41
Verify Fill,OHIO,9.07
Verify Order,BEYONDRX_AZ,9.34
Verify Order,BEYONDRX_AZ,12.54
Verify Fill,OHIO,7.73
Verify Batch,BEYONDRX_AZ,14.52
Verify Order,BEYONDRX_AZ,4.6
Verify Fill,OHIO,4.69
Verify Order,BEYONDRX_AZ,4.51
Verify Order,OHIO,7.55
Verify Order,BEYONDRX_AZ,4.29
Verify Fill,OHIO,5.91
Verify Fill,BEYONDRX_OH,1.78
Verify Fill,BEYONDRX_OH,7.82
Verify Fill,BEYONDRX_OH,17.92
Verify Order,BEYONDRX_OH,6.89
Verify Fill,BEYONDRX_AZ,6.08
Verify Batch,BEYONDRX_OH,7.59
Verify Batch,OHIO,5.54
Verify Order,OHIO,7.14
Verify Batch,OHIO,13.75
Verify Fill,BEYONDRX_AZ,6.88
Verify Fill,OHIO,5.61
Verify Order,BEYONDRX_OH,5.25
Verify Fill,BEYONDRX_OH,5.24
Verify Fill,BEYONDRX_OH,6.77
Verify Batch,OHIO,5.37
Verify Fill,OHIO,17.28
Verify Fill,BEYONDRX_AZ,5.32
Verify Batch,BEYONDRX_AZ,8.89
Verify Fill,BEYONDRX_AZ,5.43
Verify Fill,BEYONDRX_OH,13.25
Verify Fill,BEYONDRX_OH,12.82
Verify Fill,BEYONDRX_OH,4.14
Verify Batch,BEYONDRX_OH,5.61
Verify Batch,OHIO,5.99
Verify Batch,OHIO,8.42
Verify Fill,BEYONDRX_AZ,3.56
Verify Order,BEYONDRX_AZ,9.14
Verify Fill,OHIO,7.77
Verify Batch,OHIO,9.99
Verify Order,BEYONDRX_AZ,5.31
Verify Batch,OHIO,8.96
Verify Fill,BEYONDRX_OH,9.12
Verify Fill,BEYONDRX_OH,7.01
Verify Order,BEYONDRX_AZ,6.74
Verify Batch,BEYONDRX_OH,10.99
Verify Order,OHIO,7.24
Verify Order,OHIO,9.44
Verify Order,BEYONDRX_AZ,7.53
Verify Batch,BEYONDRX_AZ,5.46
Verify Batch,BEYONDRX_AZ,6.64
Verify Batch,BEYONDRX_AZ,12.98
Verify Batch,OHIO,6.23
Verify Batch,OHIO,8.12
Verify Order,BEYONDRX_AZ,10.58
Verify Order,OHIO,11.91
Verify Fill,BEYONDRX_AZ,8.22
Verify Fill,BEYONDRX_OH,14.7
Verify Batch,BEYONDRX_OH,4.97
Verify Fill,OHIO,3.11
Verify Batch,OHIO,8.85
Verify Batch,OHIO,11.71
Verify Fill,OHIO,8.18
Verify Order,BEYONDRX_AZ,3.38
Verify Order,OHIO,12.14
Verify Batch,BEYONDRX_OH,8.4
Verify Batch,BEYONDRX_AZ,11.38
Verify Fill,BEYONDRX_OH,17.42
Verify Order,BEYONDRX_AZ,4.89
Verify Order,BEYONDRX_AZ,12.79
Verify Batch,OHIO,4.67
Verify Batch,BEYONDRX_AZ,6.9
Verify Fill,BEYONDRX_AZ,7.79
Verify Fill,BEYONDRX_AZ,12.5
Verify Batch,BEYONDRX_OH,11.47
Verify Order,BEYONDRX_AZ,8.53
Verify Batch,BEYONDRX_OH,3.32
Verify Order,BEYONDRX_AZ,9.81
Verify Batch,BEYONDRX_AZ,11.74
Verify Batch,OHIO,12.87
Verify Order,BEYONDRX_OH,9.76
Verify Batch,BEYONDRX_OH,6.4
Verify Fill,BEYONDRX_OH,8.28
Verify Fill,OHIO,10.42
Verify Order,BEYONDRX_OH,2.76
Verify Fill,BEYONDRX_AZ,11.23
Verify Order,BEYONDRX_OH,8.08
Verify Fill,BEYONDRX_AZ,5.17
Verify Order,OHIO,3.62
Verify Fill,BEYONDRX_AZ,4.87
Verify Fill,OHIO,2.83
Verify Batch,BEYONDRX_AZ,5.3
Verify Fill,BEYONDRX_AZ,9.11
Verify Order,OHIO,14.54
Verify Order,BEYONDRX_AZ,6.9
Verify Order,BEYONDRX_AZ,5.08
Verify Order,BEYONDRX_OH,7.02
Verify Order,OHIO,16.6
Verify Order,BEYONDRX_AZ,4.44
Verify Batch,BEYONDRX_OH,9.97
Verify Batch,OHIO,12.87
Verify Batch,BEYONDRX_AZ,8.35
Verify Fill,OHIO,11.39
Verify Fill,OHIO,5.37
Verify Order,OHIO,16.63
Verify Batch,OHIO,7.43
Verify Order,BEYONDRX_OH,13.92
Verify Order,OHIO,8.6
Verify Fill,OHIO,12.31
Verify Fill,OHIO,17.49
Verify Order,BEYONDRX_AZ,10.58
Verify Order,BEYONDRX_AZ,15.96
Verify Fill,BEYONDRX_OH,6.03
Verify Batch,BEYONDRX_OH,6.8
Verify Batch,BEYONDRX_OH,8.03
Verify Order,OHIO,10.64
Verify Order,BEYONDRX_AZ,2.57
Verify Order,BEYONDRX_OH,6.43
Verify Fill,BEYONDRX_OH,6.39
Verify Fill,BEYONDRX_OH,9.16
Verify Order,BEYONDRX_AZ,12.68
Verify Batch,BEYONDRX_OH,7.6
Verify Order,OHIO,2.99
Verify Batch,BEYONDRX_OH,9.9
Verify Fill,OHIO,5.42
Verify Order,OHIO,4.27
Verify Fill,OHIO,6.36
Verify Batch,OHIO,1.56
Verify Batch,BEYONDRX_AZ,11.99
Verify Fill,BEYONDRX_OH,3.33
Verify Fill,BEYONDRX_AZ,6.4
Verify Fill,BEYONDRX_AZ,10.85
Verify Order,OHIO,7.89
Verify Fill,OHIO,12.01
Verify Fill,OHIO,7.36
Verify Fill,OHIO,5.95
Verify Order,BEYONDRX_AZ,12.45
Verify Batch,BEYONDRX_OH,5.11
Verify Batch,BEYONDRX_AZ,9.8
Verify Batch,BEYONDRX_AZ,9.0
Verify Order,OHIO,8.76
Verify Batch,BEYONDRX_AZ,12.48
Verify Order,BEYONDRX_AZ,8.31
Verify Batch,OHIO,13.83
Verify Fill,BEYONDRX_OH,4.99
Verify Batch,BEYONDRX_AZ,5.49
Verify Order,BEYONDRX_OH,7.87
Verify Order,BEYONDRX_AZ,13.92
Verify Order,OHIO,5.76
Verify Batch,OHIO,10.75
Verify Batch,OHIO,7.44
Verify Fill,OHIO,12.49
Verify Batch,BEYONDRX_AZ,6.12
Verify Order,OHIO,6.04
Verify Batch,OHIO,10.55
Verify Fill,OHIO,6.06
Verify Order,BEYONDRX_AZ,4.27
Verify Batch,BEYONDRX_AZ,7.77
Verify Order,BEYONDRX_AZ,3.49
Verify Order,BEYONDRX_AZ,8.36
Verify Batch,OHIO,7.56
Verify Fill,OHIO,6.71
Verify Batch,BEYONDRX_OH,4.53
Verify Batch,BEYONDRX_AZ,7.17
Verify Fill,BEYONDRX_OH,5.91
Verify Order,BEYONDRX_OH,11.96
Verify Batch,BEYONDRX_AZ,7.36
Verify Fill,BEYONDRX_AZ,10.04
Verify Batch,OHIO,2.9
Verify Fill,BEYONDRX_AZ,5.57
Verify Batch,BEYONDRX_AZ,9.03
Verify Fill,OHIO,15.67
Verify Order,OHIO,12.32
Verify Fill,BEYONDRX_OH,6.43
Verify Order,BEYONDRX_AZ,10.32
Verify Fill,BEYONDRX_OH,3.83
Verify Order,BEYONDRX_AZ,13.04
Verify Order,BEYONDRX_OH,15.09
Verify Batch,BEYONDRX_AZ,22.09
Verify Order,OHIO,11.5
Verify Order,BEYONDRX_AZ,15.74
Verify Fill,BEYONDRX_AZ,5.42
Verify Batch,BEYONDRX_OH,12.08
Verify Batch,BEYONDRX_OH,7.62
Verify Fill,BEYONDRX_OH,13.17
Verify Order,BEYONDRX_OH,7.83
Verify Fill,OHIO,10.14
Verify Batch,BEYONDRX_OH,9.62
Verify Batch,OHIO,14.37
Verify Batch,BEYONDRX_OH,8.41
Verify Batch,BEYONDRX_AZ,4.85
Verify Order,OHIO,6.6
Verify Batch,BEYONDRX_OH,4.51
Verify Fill,OHIO,17.17
Verify Order,BEYONDRX_AZ,4.08
Verify Order,BEYONDRX_AZ,3.5
Verify Batch,BEYONDRX_OH,11.1
Verify Order,BEYONDRX_OH,4.11
Verify Order,BEYONDRX_AZ,4.34
Verify Batch,BEYONDRX_OH,2.51
Verify Order,BEYONDRX_AZ,6.35
Verify Order,BEYONDRX_OH,7.81
Verify Order,BEYONDRX_OH,14.05
Verify Order,OHIO,8.6
Verify Order,OHIO,7.07
Verify Order,BEYONDRX_OH,5.82
Verify Order,OHIO,11.41
Verify Order,OHIO,21.1
Verify Fill,OHIO,3.34
Verify Fill,OHIO,7.73
Verify Order,BEYONDRX_OH,10.09
Verify Batch,OHIO,6.78
Verify Order,OHIO,10.8
Verify Order,BEYONDRX_AZ,8.22
Verify Order,BEYONDRX_OH,4.66
Verify Batch,BEYONDRX_AZ,7.19
Verify Fill,BEYONDRX_AZ,6.08
Verify Order,BEYONDRX_OH,17.58
Verify Order,BEYONDRX_AZ,6.21
Verify Fill,BEYONDRX_AZ,5.79
Verify Order,BEYONDRX_OH,10.09
Verify Order,OHIO,8.6
Verify Fill,BEYONDRX_OH,16.58
Verify Order,OHIO,8.19
Verify Fill,BEYONDRX_OH,3.22
Verify Fill,BEYONDRX_OH,3.28
Verify Order,BEYONDRX_AZ,8.37
Verify Fill,BEYONDRX_OH,6.58
Verify Batch,OHIO,6.5
Verify Batch,BEYONDRX_AZ,6.18
Verify Order,OHIO,9.51
Verify Fill,BEYONDRX_OH,11.65
Verify Batch,BEYONDRX_OH,15.18
Verify Order,BEYONDRX_AZ,7.98
Verify Fill,BEYONDRX_OH,13.06
Verify Fill,OHIO,6.91
Verify Fill,BEYONDRX_AZ,13.49
Verify Fill,BEYONDRX_OH,1.63
Verify Fill,OHIO,2.15
Verify Order,BEYONDRX_AZ,11.04
Verify Batch,BEYONDRX_AZ,8.09
Verify Fill,BEYONDRX_OH,7.6
Verify Order,BEYONDRX_OH,5.74
Verify Order,OHIO,18.25
Verify Order,BEYONDRX_OH,10.69
Verify Batch,BEYONDRX_AZ,17.06
Verify Batch,BEYONDRX_OH,2.91
Verify Order,BEYONDRX_AZ,5.98
Verify Order,BEYONDRX_AZ,3.49
Verify Fill,BEYONDRX_OH,4.72
Verify Order,BEYONDRX_AZ,9.89
Verify Batch,OHIO,14.98
Verify Fill,BEYONDRX_OH,14.93
Verify Order,OHIO,8.04
Verify Order,BEYONDRX_OH,3.73
Verify Fill,BEYONDRX_OH,4.98
Verify Batch,BEYONDRX_AZ,6.95
Verify Batch,OHIO,9.36
Verify Order,BEYONDRX_AZ,9.6
Verify Order,BEYONDRX_AZ,9.04
Verify Batch,BEYONDRX_OH,4.87
Verify Fill,BEYONDRX_OH,14.86
Verify Batch,OHIO,9.0
Verify Order,BEYONDRX_OH,2.11
Verify Order,OHIO,4.16
Verify Fill,OHIO,9.8
Verify Batch,BEYONDRX_OH,16.89
Verify Batch,BEYONDRX_AZ,7.11
Verify Order,BEYONDRX_AZ,5.15
Verify Batch,BEYONDRX_OH,10.35
Verify Batch,BEYONDRX_OH,5.28
Verify Fill,OHIO,6.52
Verify Fill,BEYONDRX_AZ,3.85
Verify Batch,OHIO,7.58
Verify Fill,BEYONDRX_AZ,10.96
Verify Batch,BEYONDRX_AZ,7.28
Verify Order,BEYONDRX_OH,4.84
Verify Fill,OHIO,8.26
Verify Batch,BEYONDRX_OH,6.04
Verify Batch,OHIO,7.99
Verify Fill,BEYONDRX_OH,9.76
Verify Batch,OHIO,9.08
Verify Fill,OHIO,4.91
Verify Order,OHIO,16.94
Verify Fill,OHIO,8.43
Verify Fill,BEYONDRX_OH,9.87
Verify Batch,BEYONDRX_AZ,7.72
Verify Order,BEYONDRX_OH,8.91
Verify Batch,BEYONDRX_AZ,8.24
Verify Batch,BEYONDRX_AZ,3.18
Verify Batch,OHIO,12.74
Verify Fill,BEYONDRX_AZ,7.78
Verify Fill,OHIO,14.83
Verify Fill,OHIO,5.46
Verify Order,BEYONDRX_AZ,5.03
Verify Fill,BEYONDRX_AZ,9.32
Verify Fill,BEYONDRX_AZ,9.75
Verify Fill,OHIO,11.77
Verify Fill,BEYONDRX_AZ,2.91
Verify Fill,OHIO,12.94
Verify Fill,BEYONDRX_AZ,11.58
Verify Order,OHIO,8.46
Verify Fill,OHIO,13.86
Verify Fill,BEYONDRX_AZ,5.57
Verify Order,BEYONDRX_AZ,8.22
Verify Fill,BEYONDRX_OH,5.66
Verify Order,BEYONDRX_AZ,12.42
Verify Batch,BEYONDRX_OH,8.83
Verify Order,BEYONDRX_AZ,5.43
Verify Order,BEYONDRX_OH,12.91
Verify Batch,BEYONDRX_OH,12.7
Verify Fill,BEYONDRX_AZ,5.43
Verify Fill,OHIO,5.39
Verify Batch,OHIO,9.88
Verify Order,BEYONDRX_AZ,10.79
Verify Batch,BEYONDRX_AZ,10.25
Verify Fill,OHIO,13.18
Verify Fill,OHIO,8.51
Verify Fill,BEYONDRX_OH,10.4
Verify Fill,BEYONDRX_OH,4.09
Verify Batch,OHIO,7.6
Verify Order,BEYONDRX_AZ,4.03
Verify Batch,OHIO,12.09
Verify Fill,BEYONDRX_AZ,11.35
Verify Fill,OHIO,0.76
Verify Batch,BEYONDRX_AZ,5.85
Verify Batch,BEYONDRX_OH,9.76
Verify Order,BEYONDRX_AZ,17.94
Verify Batch,BEYONDRX_AZ,22.05
Verify Order,OHIO,6.94
Verify Order,BEYONDRX_AZ,6.88
Verify Batch,BEYONDRX_OH,9.23
Verify Order,BEYONDRX_OH,6.58
Verify Batch,OHIO,5.49
Verify Fill,BEYONDRX_OH,12.76
Verify Batch,BEYONDRX_AZ,8.27
Verify Order,OHIO,6.99
Verify Batch,BEYONDRX_AZ,2.54
Verify Order,BEYONDRX_OH,26.74
Verify Order,BEYONDRX_AZ,8.38
Verify Fill,BEYONDRX_OH,10.83
Verify Batch,BEYONDRX_OH,2.6
Verify Fill,BEYONDRX_AZ,15.99
Verify Batch,BEYONDRX_AZ,8.05
Verify Batch,OHIO,10.04
Verify Batch,BEYONDRX_OH,20.93
Verify Order,OHIO,6.38
Verify Order,BEYONDRX_AZ,9.7
Verify Fill,BEYONDRX_OH,5.07
Verify Fill,OHIO,4.65
Verify Batch,BEYONDRX_OH,4.4
Verify Batch,BEYONDRX_OH,10.62
Verify Batch,OHIO,5.33
Verify Order,OHIO,12.88
Verify Batch,OHIO,10.19
Verify Fill,BEYONDRX_AZ,13.37
Verify Fill,BEYONDRX_AZ,9.23
Verify Batch,OHIO,5.25
Verify Fill,OHIO,10.88
Verify Order,BEYONDRX_AZ,5.91
Verify Fill,OHIO,6.65
Verify Order,OHIO,9.96
Verify Order,BEYONDRX_AZ,4.36
Verify Fill,BEYONDRX_OH,3.0
Verify Fill,BEYONDRX_OH,3.87
Verify Fill,BEYONDRX_OH,9.12
Verify Batch,OHIO,5.62
Verify Batch,OHIO,8.25
Verify Batch,OHIO,7.2
Verify Batch,BEYONDRX_OH,10.77
Verify Order,BEYONDRX_AZ,8.15
Verify Order,BEYONDRX_OH,2.2
Verify Batch,OHIO,7.98
Verify Batch,BEYONDRX_AZ,13.83
Verify Fill,BEYONDRX_AZ,8.51
Verify Batch,BEYONDRX_AZ,9.1
Verify Order,BEYONDRX_OH,2.29
Verify Batch,OHIO,13.48
Verify Batch,OHIO,13.62
Verify Batch,BEYONDRX_OH,11.22
Verify Fill,OHIO,10.84
Verify Batch,BEYONDRX_OH,9.32
Verify Fill,BEYONDRX_OH,2.71
Verify Batch,BEYONDRX_OH,9.81
Verify Batch,BEYONDRX_OH,6.56
Verify Order,BEYONDRX_OH,8.45
Verify Fill,BEYONDRX_OH,9.11
Verify Fill,OHIO,6.55
Verify Order,OHIO,1.29
Verify Order,OHIO,8.51
Verify Fill,BEYONDRX_OH,9.13
Verify Batch,BEYONDRX_AZ,8.47
Verify Fill,BEYONDRX_AZ,8.44
Verify Order,BEYONDRX_AZ,4.29
Verify Order,BEYONDRX_OH,6.98
Verify Fill,BEYONDRX_AZ,12.2
Verify Order,BEYONDRX_OH,8.74
Verify Batch,BEYONDRX_OH,7.44
Verify Fill,OHIO,12.89
Verify Batch,BEYONDRX_OH,4.25
Verify Batch,OHIO,8.77
Verify Fill,BEYONDRX_OH,5.62
Verify Batch,BEYONDRX_OH,12.05
Verify Fill,BEYONDRX_AZ,8.65
Verify Batch,BEYONDRX_OH,9.22
Verify Order,BEYONDRX_AZ,8.2
Verify Fill,BEYONDRX_OH,13.13
Verify Batch,BEYONDRX_AZ,12.18
Verify Fill,OHIO,7.02
Verify Order,BEYONDRX_OH,9.14
Verify Fill,OHIO,12.18
Verify Batch,BEYONDRX_AZ,8.09
Verify Batch,BEYONDRX_AZ,12.25
Verify Batch,OHIO,8.2
Verify Batch,BEYONDRX_OH,3.16
Verify Order,OHIO,17.44
Verify Batch,BEYONDRX_AZ,7.08
Verify Batch,OHIO,21.0
Verify Fill,BEYONDRX_AZ,3.83
Verify Fill,BEYONDRX_AZ,5.96
Verify Fill,BEYONDRX_OH,6.85
Verify Batch,BEYONDRX_OH,5.72
Verify Batch,OHIO,7.73
Verify Fill,BEYONDRX_AZ,12.13
Verify Order,BEYONDRX_AZ,8.81
Verify Batch,BEYONDRX_OH,8.75
Verify Batch,BEYONDRX_OH,6.17
Verify Order,BEYONDRX_OH,7.72
Verify Order,BEYONDRX_AZ,11.48
Verify Fill,BEYONDRX_AZ,9.05
Verify Order,OHIO,10.02
Verify Order,BEYONDRX_AZ,20.11
Verify Order,OHIO,6.32
Verify Batch,OHIO,5.85
Verify Batch,BEYONDRX_AZ,7.67
Verify Fill,OHIO,11.57
Verify Fill,OHIO,8.09
Verify Batch,OHIO,5.73
Verify Fill,BEYONDRX_OH,6.75
Verify Batch,BEYONDRX_OH,9.79
Verify Order,BEYONDRX_OH,13.36
Verify Order,BEYONDRX_AZ,3.89
Verify Fill,OHIO,4.36
Verify Fill,BEYONDRX_AZ,5.93
Verify Batch,OHIO,10.99
Verify Fill,OHIO,1.57
Verify Fill,BEYONDRX_AZ,2.65
Verify Order,BEYONDRX_AZ,5.94
Verify Order,BEYONDRX_OH,16.39
Verify Order,BEYONDRX_OH,14.3
Verify Batch,BEYONDRX_AZ,12.93
Verify Fill,OHIO,13.9
Verify Batch,OHIO,9.78
Verify Order,BEYONDRX_AZ,6.98
Verify Order,OHIO,6.41
Verify Order,BEYONDRX_OH,7.3
Verify Order,OHIO,13.64
Verify Batch,BEYONDRX_OH,10.67
Verify Batch,BEYONDRX_OH,13.26
Verify Batch,OHIO,3.02
Verify Order,OHIO,5.42
Verify Fill,BEYONDRX_OH,8.13
Verify Fill,OHIO,4.74
Verify Batch,OHIO,10.53
Verify Batch,BEYONDRX_OH,4.94
Verify Order,BEYONDRX_OH,5.66
Verify Fill,OHIO,11.7
Verify Fill,BEYONDRX_OH,6.38
Verify Fill,OHIO,9.75
Verify Fill,OHIO,3.82
Verify Batch,BEYONDRX_OH,3.3
Verify Order,OHIO,16.12
Verify Fill,OHIO,9.29
Verify Fill,OHIO,8.06
Verify Batch,BEYONDRX_OH,8.26
Verify Fill,BEYONDRX_OH,8.74
Verify Fill,BEYONDRX_OH,17.23
Verify Fill,BEYONDRX_AZ,4.32
Verify Order,BEYONDRX_OH,13.82
Verify Batch,BEYONDRX_OH,5.99
Verify Order,OHIO,9.77
Verify Order,OHIO,9.91
Verify Fill,BEYONDRX_AZ,11.87
Verify Order,BEYONDRX_AZ,7.12
Verify Order,BEYONDRX_OH,3.21
Verify Order,BEYONDRX_OH,5.73
Verify Fill,BEYONDRX_AZ,5.88
Verify Batch,BEYONDRX_OH,15.29
Verify Order,BEYONDRX_OH,6.29
Verify Batch,OHIO,7.37
Verify Fill,BEYONDRX_OH,10.02
Verify Batch,BEYONDRX_OH,6.96
Verify Fill,BEYONDRX_OH,6.18
Verify Batch,BEYONDRX_OH,8.37
Verify Fill,OHIO,3.84
Verify Order,OHIO,4.83
Verify Batch,BEYONDRX_OH,8.25
Verify Fill,BEYONDRX_AZ,6.85
Verify Fill,OHIO,7.32
Verify Fill,BEYONDRX_OH,6.25
Verify Batch,BEYONDRX_AZ,13.92
Verify Batch,BEYONDRX_OH,12.15
Verify Batch,OHIO,8.08
Verify Fill,OHIO,4.84
Verify Order,BEYONDRX_AZ,6.81
Verify Fill,OHIO,7.41
Verify Batch,OHIO,3.0
Verify Batch,BEYONDRX_AZ,10.93
Verify Order,BEYONDRX_OH,10.74
Verify Fill,OHIO,8.45
Verify Fill,OHIO,12.83
Verify Batch,BEYONDRX_OH,3.48
Verify Batch,BEYONDRX_OH,9.26
Verify Fill,BEYONDRX_AZ,3.9
Verify Fill,BEYONDRX_AZ,8.42
Verify Fill,OHIO,7.19
Verify Fill,BEYONDRX_OH,11.96
Verify Batch,BEYONDRX_OH,4.94
Verify Batch,BEYONDRX_AZ,5.18
Verify Batch,OHIO,9.53
Verify Fill,OHIO,12.5
Verify Batch,BEYONDRX_AZ,8.87
Verify Batch,OHIO,10.66
Verify Order,OHIO,9.67
Verify Order,BEYONDRX_OH,10.42
Verify Order,BEYONDRX_OH,9.21
Verify Fill,BEYONDRX_AZ,6.73
Verify Order,BEYONDRX_AZ,10.09
Verify Fill,BEYONDRX_AZ,8.13
Verify Order,BEYONDRX_AZ,2.98
Verify Fill,BEYONDRX_OH,4.31
Verify Fill,BEYONDRX_AZ,7.54
Verify Batch,OHIO,5.47
Verify Fill,BEYONDRX_OH,9.28
Verify Batch,OHIO,10.04
Verify Order,OHIO,7.48
Verify Batch,BEYONDRX_OH,16.27
Verify Batch,OHIO,13.0
Verify Fill,BEYONDRX_AZ,17.62
Verify Batch,OHIO,3.42
Verify Order,BEYONDRX_AZ,6.06
Verify Order,BEYONDRX_AZ,6.59
Verify Fill,OHIO,7.5
Verify Fill,BEYONDRX_AZ,9.1
Verify Fill,OHIO,14.7
Verify Fill,BEYONDRX_OH,11.4
Verify Batch,OHIO,15.57
Verify Order,OHIO,7.19
Verify Order,BEYONDRX_AZ,6.18
Verify Fill,BEYONDRX_OH,11.52
Verify Order,OHIO,3.81
Verify Order,OHIO,13.69
Verify Order,OHIO,5.24
Verify Fill,BEYONDRX_AZ,6.95
Verify Order,BEYONDRX_OH,9.23
Verify Order,BEYONDRX_AZ,7.65
Verify Order,BEYONDRX_AZ,6.51
Verify Batch,BEYONDRX_AZ,6.85
Verify Fill,BEYONDRX_OH,6.07
Verify Fill,BEYONDRX_AZ,15.06
Verify Order,OHIO,4.4
Verify Fill,OHIO,5.3
Verify Batch,BEYONDRX_AZ,11.24
Verify Fill,BEYONDRX_OH,5.08
Verify Fill,OHIO,6.45
Verify Batch,BEYONDRX_OH,3.85
Verify Fill,BEYONDRX_AZ,4.6
Verify Order,BEYONDRX_AZ,5.15
Verify Order,BEYONDRX_OH,10.54
Verify Order,BEYONDRX_OH,8.03
Verify Order,BEYONDRX_AZ,8.12
Verify Batch,BEYONDRX_OH,11.39
Verify Fill,BEYONDRX_OH,6.04
Verify Batch,OHIO,6.45
Verify Fill,BEYONDRX_OH,6.6
Verify Fill,BEYONDRX_AZ,7.91
Verify Fill,BEYONDRX_AZ,8.19
Verify Batch,BEYONDRX_AZ,7.99
Verify Fill,BEYONDRX_OH,5.89
Verify Order,BEYONDRX_OH,11.61
Verify Batch,BEYONDRX_OH,5.63
Verify Fill,OHIO,6.98
Verify Fill,BEYONDRX_OH,12.04
Verify Order,BEYONDRX_AZ,10.79
Verify Order,BEYONDRX_AZ,3.89
Verify Fill,BEYONDRX_OH,6.99
Verify Fill,BEYONDRX_AZ,8.37
Verify Batch,BEYONDRX_OH,12.35
Verify Order,BEYONDRX_OH,5.83
Verify Batch,BEYONDRX_AZ,11.57
Verify Order,OHIO,10.33
Verify Fill,OHIO,5.37
Verify Fill,BEYONDRX_AZ,9.4
Verify Fill,BEYONDRX_AZ,6.98
Verify Batch,BEYONDRX_AZ,6.6
Verify Batch,BEYONDRX_AZ,7.82
Verify Order,OHIO,10.0
Verify Batch,BEYONDRX_AZ,5.38
Verify Order,BEYONDRX_AZ,8.31
Verify Batch,OHIO,11.23
Verify Fill,OHIO,5.98
Verify Batch,OHIO,6.6
Verify Batch,BEYONDRX_OH,4.34
Verify Fill,OHIO,6.79
Verify Order,BEYONDRX_AZ,5.14
Verify Batch,BEYONDRX_OH,7.0
Verify Batch,BEYONDRX_AZ,10.05
Verify Order,OHIO,14.36
Verify Fill,BEYONDRX_AZ,4.64
Verify Fill,OHIO,12.84
Verify Order,BEYONDRX_OH,9.77
Verify Batch,BEYONDRX_AZ,8.93
Verify Batch,BEYONDRX_AZ,5.95
Verify Fill,BEYONDRX_OH,16.02
Verify Fill,BEYONDRX_OH,5.88
Verify Fill,BEYONDRX_AZ,7.18
Verify Batch,BEYONDRX_OH,19.95
Verify Batch,BEYONDRX_AZ,10.73
Verify Order,BEYONDRX_OH,11.2
Verify Batch,BEYONDRX_OH,4.78
Verify Fill,OHIO,12.19
Verify Fill,BEYONDRX_OH,12.31
Verify Batch,BEYONDRX_AZ,7.16
Verify Order,OHIO,16.05
Verify Fill,BEYONDRX_OH,9.88
Verify Fill,OHIO,17.29
Verify Fill,OHIO,10.03
Verify Fill,BEYONDRX_OH,4.56
Verify Batch,BEYONDRX_OH,2.74
Verify Batch,BEYONDRX_AZ,11.99
Verify Order,BEYONDRX_AZ,5.71
Verify Fill,BEYONDRX_AZ,19.08
Verify Batch,BEYONDRX_OH,4.95
Verify Fill,BEYONDRX_OH,13.4
Verify Fill,BEYONDRX_OH,7.57
Verify Order,OHIO,13.92
Verify Order,BEYONDRX_AZ,10.18
Verify Order,BEYONDRX_AZ,6.83
Verify Order,BEYONDRX_OH,5.63
Verify Order,BEYONDRX_AZ,10.39
Verify Fill,OHIO,6.35
Verify Batch,OHIO,10.17
Verify Fill,BEYONDRX_OH,8.81
Verify Fill,BEYONDRX_OH,6.64
Verify Order,BEYONDRX_AZ,5.93
Verify Order,BEYONDRX_AZ,4.88
Verify Order,OHIO,5.72
Verify Order,BEYONDRX_OH,6.88
Verify Batch,BEYONDRX_OH,7.66
Verify Batch,BEYONDRX_AZ,3.02
Verify Fill,OHIO,11.46
Verify Order,BEYONDRX_AZ,5.61
Verify Order,OHIO,9.44
Verify Order,BEYONDRX_AZ,6.66
Verify Batch,OHIO,7.93
Verify Fill,BEYONDRX_OH,10.16
Verify Order,BEYONDRX_OH,6.91
Verify Batch,OHIO,9.32
Verify Fill,BEYONDRX_AZ,7.31
Verify Order,OHIO,5.95
Verify Order,BEYONDRX_OH,6.58
Verify Order,BEYONDRX_OH,6.2
Verify Batch,OHIO,5.73
Verify Fill,OHIO,9.3
Verify Order,BEYONDRX_OH,3.0
Verify Batch,OHIO,15.07
Verify Order,BEYONDRX_OH,9.81
Verify Batch,OHIO,3.45
Verify Fill,BEYONDRX_AZ,10.7
Verify Fill,BEYONDRX_OH,6.76
Verify Order,OHIO,15.53
Verify Batch,OHIO,11.66
Verify Fill,BEYONDRX_AZ,12.42
Verify Fill,OHIO,6.55
Verify Order,BEYONDRX_OH,3.28
Verify Fill,BEYONDRX_OH,12.4
Verify Batch,OHIO,3.3
Verify Fill,OHIO,4.15
Verify Batch,OHIO,4.38
Verify Batch,BEYONDRX_OH,7.21
Verify Fill,BEYONDRX_AZ,13.03
Verify Order,BEYONDRX_AZ,12.38
Verify Order,BEYONDRX_AZ,8.01
Verify Order,BEYONDRX_OH,13.01
Verify Batch,BEYONDRX_OH,3.98
Verify Fill,OHIO,4.54
Verify Fill,BEYONDRX_OH,1.76
Verify Order,BEYONDRX_OH,12.46
Verify Fill,OHIO,5.41
Verify Order,BEYONDRX_AZ,5.78
Verify Batch,OHIO,6.08
Verify Order,BEYONDRX_OH,8.48
Verify Order,BEYONDRX_AZ,9.4
Verify Order,OHIO,10.28
Verify Fill,OHIO,4.69
Verify Batch,BEYONDRX_OH,6.52
Verify Fill,OHIO,6.15
Verify Batch,BEYONDRX_AZ,6.73
Verify Fill,BEYONDRX_AZ,2.72
Verify Batch,BEYONDRX_OH,6.31
Verify Batch,OHIO,7.35
Verify Batch,OHIO,14.29
Verify Batch,BEYONDRX_AZ,10.73
Verify Fill,BEYONDRX_OH,6.48
Verify Fill,OHIO,12.7
Verify Order,BEYONDRX_AZ,16.43
Verify Fill,BEYONDRX_OH,10.9
Verify Order,OHIO,12.67
Verify Order,BEYONDRX_OH,9.67
Verify Order,BEYONDRX_AZ,3.72
Verify Order,BEYONDRX_AZ,2.1
Verify Fill,OHIO,5.77
Verify Batch,OHIO,13.54
Verify Fill,BEYONDRX_OH,6.33
Verify Order,OHIO,5.16
Verify Fill,BEYONDRX_OH,12.28
Verify Fill,BEYONDRX_AZ,5.15
Verify Fill,BEYONDRX_AZ,11.41
Verify Order,BEYONDRX_AZ,4.52
Verify Batch,BEYONDRX_OH,6.15
Verify Order,BEYONDRX_AZ,12.8
Verify Fill,BEYONDRX_AZ,5.18
Verify Fill,BEYONDRX_AZ,15.59
Verify Fill,BEYONDRX_OH,4.83
Verify Batch,BEYONDRX_OH,10.95
Verify Batch,OHIO,6.05
Verify Order,BEYONDRX_AZ,7.29
Verify Order,BEYONDRX_AZ,4.89
Verify Batch,BEYONDRX_OH,5.27
Verify Order,OHIO,11.97
Verify Order,BEYONDRX_OH,7.01
Verify Batch,BEYONDRX_OH,6.27
Verify Batch,OHIO,12.03
Verify Fill,BEYONDRX_OH,5.51
Verify Fill,BEYONDRX_OH,9.18
Verify Order,BEYONDRX_OH,9.49
Verify Fill,BEYONDRX_OH,5.33
Verify Fill,BEYONDRX_AZ,7.2
Verify Batch,OHIO,2.87
Verify Batch,OHIO,15.95
Verify Order,OHIO,3.95
Verify Batch,OHIO,4.55
Verify Order,BEYONDRX_AZ,8.92
Verify Order,BEYONDRX_AZ,4.76
Verify Batch,BEYONDRX_OH,5.41
Verify Fill,BEYONDRX_AZ,6.55
Verify Fill,BEYONDRX_AZ,6.32
Verify Fill,BEYONDRX_OH,3.72
Verify Fill,OHIO,9.0
Verify Order,BEYONDRX_OH,6.26
Verify Batch,BEYONDRX_AZ,10.9
Verify Fill,BEYONDRX_OH,6.2
Verify Order,BEYONDRX_OH,15.33
Verify Batch,BEYONDRX_OH,16.86
Verify Fill,BEYONDRX_AZ,8.08
Verify Order,OHIO,9.63
Verify Fill,BEYONDRX_OH,4.41
Verify Order,OHIO,3.22
Verify Order,OHIO,4.39
Verify Batch,OHIO,12.46
Verify Order,BEYONDRX_OH,5.79
Verify Fill,BEYONDRX_AZ,4.15
Verify Fill,BEYONDRX_AZ,6.94
Verify Order,OHIO,3.82
Verify Order,BEYONDRX_OH,6.85
Verify Order,OHIO,15.03
Verify Batch,BEYONDRX_OH,10.01
Verify Order,BEYONDRX_AZ,9.26
Verify Fill,BEYONDRX_OH,7.55
Verify Fill,BEYONDRX_OH,8.89
Verify Fill,OHIO,8.64
Verify Fill,BEYONDRX_AZ,3.9
Verify Batch,BEYONDRX_AZ,12.84
Verify Batch,BEYONDRX_OH,6.93
Verify Batch,BEYONDRX_OH,11.34
Verify Batch,OHIO,7.4
Verify Batch,BEYONDRX_AZ,7.86
Verify Batch,OHIO,6.57
Verify Batch,BEYONDRX_OH,6.57
Verify Order,BEYONDRX_AZ,7.82
Verify Fill,BEYONDRX_AZ,6.2
Verify Batch,BEYONDRX_AZ,6.63
Verify Order,BEYONDRX_AZ,6.41
Verify Batch,BEYONDRX_AZ,7.04
Verify Batch,OHIO,9.81
Verify Batch,BEYONDRX_AZ,7.48
Verify Fill,BEYONDRX_AZ,7.61
Verify Fill,BEYONDRX_AZ,11.96
Verify Fill,OHIO,4.92
Verify Fill,BEYONDRX_AZ,7.33
Verify Fill,BEYONDRX_AZ,5.61
Verify Fill,BEYONDRX_OH,3.98
Verify Order,BEYONDRX_AZ,6.49
Verify Order,BEYONDRX_AZ,9.81
Verify Fill,OHIO,9.27
Verify Fill,BEYONDRX_OH,6.84
Verify Fill,BEYONDRX_OH,6.04
Verify Fill,BEYONDRX_AZ,9.54
Verify Batch,BEYONDRX_AZ,8.7
Verify Order,BEYONDRX_AZ,12.33
Verify Batch,OHIO,11.31
Verify Fill,BEYONDRX_AZ,11.35
Verify Fill,OHIO,3.16
Verify Order,OHIO,12.54
Verify Fill,BEYONDRX_OH,5.26
Verify Batch,BEYONDRX_OH,5.8
Verify Batch,BEYONDRX_AZ,7.71
Verify Order,BEYONDRX_OH,7.21
Verify Batch,BEYONDRX_AZ,16.18
Verify Batch,BEYONDRX_AZ,7.6
Verify Fill,BEYONDRX_AZ,9.09
Verify Fill,BEYONDRX_AZ,12.94
Verify Fill,BEYONDRX_OH,7.59
Verify Order,BEYONDRX_OH,8.73
Verify Order,OHIO,8.39
Verify Fill,BEYONDRX_OH,7.78
Verify Batch,BEYONDRX_AZ,13.83
Verify Batch,BEYONDRX_OH,6.14
Verify Batch,OHIO,5.17
Verify Fill,BEYONDRX_OH,7.34
Verify Batch,BEYONDRX_AZ,5.02
Verify Order,BEYONDRX_AZ,5.72
Verify Batch,BEYONDRX_OH,1.96
Verify Order,OHIO,4.92
Verify Fill,BEYONDRX_AZ,10.63
Verify Batch,OHIO,7.39
Verify Order,BEYONDRX_AZ,11.97
Verify Fill,BEYONDRX_AZ,10.77
Verify Order,BEYONDRX_AZ,3.85
Verify Fill,OHIO,8.38
Verify Fill,BEYONDRX_OH,16.08
Verify Fill,BEYONDRX_OH,6.28
Verify Order,BEYONDRX_OH,9.91
Verify Fill,OHIO,11.05
Verify Batch,OHIO,11.89
Verify Batch,BEYONDRX_AZ,5.93
Verify Order,BEYONDRX_OH,3.32
Verify Fill,BEYONDRX_AZ,9.02
Verify Batch,BEYONDRX_AZ,11.46
Verify Batch,BEYONDRX_OH,4.0
Verify Batch,BEYONDRX_AZ,16.1
Verify Order,BEYONDRX_OH,6.59
Verify Batch,BEYONDRX_OH,5.82
Verify Fill,OHIO,9.79
Verify Order,BEYONDRX_OH,6.36
Verify Batch,OHIO,3.64
Verify Order,BEYONDRX_AZ,10.21
Verify Order,BEYONDRX_AZ,6.24
Verify Order,OHIO,6.63
Verify Order,BEYONDRX_OH,11.17
Verify Fill,BEYONDRX_AZ,6.86
Verify Order,BEYONDRX_OH,2.75
Verify Fill,BEYONDRX_OH,5.8
Verify Fill,BEYONDRX_OH,9.82
Verify Order,OHIO,7.87
Verify Order,OHIO,12.91
Verify Fill,BEYONDRX_AZ,5.36
Verify Order,BEYONDRX_AZ,12.9
Verify Fill,OHIO,7.42
Verify Fill,BEYONDRX_AZ,3.85
Verify Order,BEYONDRX_AZ,4.25
Verify Fill,BEYONDRX_AZ,5.64
Verify Order,OHIO,7.62
Verify Batch,OHIO,8.45
Verify Order,BEYONDRX_AZ,19.23
Verify Fill,BEYONDRX_AZ,6.79
Verify Order,BEYONDRX_OH,11.65
Verify Order,BEYONDRX_OH,8.51
Verify Fill,BEYONDRX_OH,16.11
Verify Fill,BEYONDRX_AZ,10.7
Verify Order,BEYONDRX_OH,7.16
Verify Order,BEYONDRX_OH,8.8
Verify Batch,BEYONDRX_AZ,7.21
Verify Fill,BEYONDRX_OH,6.33
Verify Fill,BEYONDRX_OH,11.68
Verify Fill,OHIO,18.09
Verify Order,BEYONDRX_AZ,6.94
Verify Fill,BEYONDRX_AZ,9.84
Verify Fill,OHIO,12.06
Verify Fill,BEYONDRX_AZ,10.7
Verify Fill,BEYONDRX_OH,21.8
Verify Order,OHIO,7.28
Verify Order,BEYONDRX_OH,9.57
Verify Fill,OHIO,6.48
Verify Batch,OHIO,6.69
Verify Order,BEYONDRX_AZ,3.52
Verify Batch,BEYONDRX_AZ,17.91
Verify Order,OHIO,5.18
Verify Batch,BEYONDRX_AZ,15.86
Verify Batch,OHIO,10.88
Verify Order,OHIO,10.44
Verify Batch,OHIO,11.93
Verify Batch,BEYONDRX_AZ,3.82
Verify Order,OHIO,8.44
Verify Order,BEYONDRX_OH,2.28
Verify Batch,OHIO,6.54
Verify Fill,BEYONDRX_AZ,12.17
Verify Order,BEYONDRX_OH,8.87
Verify Fill,BEYONDRX_OH,7.03
Verify Fill,BEYONDRX_OH,6.31
Verify Order,BEYONDRX_OH,5.98
Verify Order,BEYONDRX_AZ,14.06
Verify Batch,BEYONDRX_AZ,1.35
Verify Order,BEYONDRX_AZ,11.54
Verify Batch,BEYONDRX_AZ,6.9
Verify Batch,BEYONDRX_OH,11.69
Verify Batch,BEYONDRX_AZ,9.39
Verify Batch,BEYONDRX_OH,4.96
Verify Fill,OHIO,12.84
Verify Fill,BEYONDRX_OH,6.98
Verify Batch,BEYONDRX_OH,11.98
Verify Order,OHIO,7.7
Verify Order,BEYONDRX_AZ,11.7
Verify Batch,BEYONDRX_AZ,9.48
Verify Batch,OHIO,7.48
Verify Fill,BEYONDRX_AZ,16.75
Verify Order,OHIO,9.74
Verify Batch,OHIO,8.05
Verify Batch,BEYONDRX_AZ,15.04
Verify Fill,OHIO,8.09
Verify Order,BEYONDRX_OH,12.28
Verify Fill,BEYONDRX_AZ,9.07
Verify Fill,BEYONDRX_AZ,9.06
Verify Fill,BEYONDRX_OH,6.93
Verify Batch,OHIO,4.19
Verify Fill,BEYONDRX_OH,5.67
Verify Batch,OHIO,10.25
Verify Fill,OHIO,12.33
Verify Batch,BEYONDRX_OH,7.06
Verify Fill,BEYONDRX_AZ,7.58
Verify Fill,BEYONDRX_OH,11.01
Verify Batch,OHIO,15.41
Verify Batch,BEYONDRX_AZ,3.46
Verify Batch,BEYONDRX_OH,1.84
Verify Order,BEYONDRX_AZ,5.99
Verify Order,OHIO,4.68
Verify Batch,BEYONDRX_AZ,6.83
Verify Batch,BEYONDRX_OH,13.41
Verify Fill,BEYONDRX_OH,9.54
Verify Order,BEYONDRX_OH,6.71
Verify Fill,OHIO,8.02
Verify Batch,OHIO,7.47
Verify Order,OHIO,3.77
Verify Batch,BEYONDRX_OH,9.61
Verify Fill,BEYONDRX_AZ,6.33
Verify Order,BEYONDRX_OH,11.42
Verify Batch,OHIO,4.02
Verify Batch,OHIO,10.0
Verify Fill,BEYONDRX_OH,5.45
Verify Order,BEYONDRX_AZ,7.09
Verify Order,BEYONDRX_OH,13.61
Verify Fill,BEYONDRX_OH,5.34
Verify Order,BEYONDRX_OH,8.51
Verify Batch,BEYONDRX_OH,16.18
Verify Order,BEYONDRX_AZ,4.21
Verify Fill,OHIO,8.78
Verify Order,BEYONDRX_OH,17.51
Verify Order,OHIO,7.39
Verify Order,BEYONDRX_AZ,10.04
Verify Batch,OHIO,6.72
Verify Fill,OHIO,6.61
Verify Fill,OHIO,5.67
Verify Batch,BEYONDRX_AZ,7.01
Verify Fill,BEYONDRX_OH,15.32
Verify Fill,OHIO,6.12
Verify Fill,OHIO,5.95
Verify Order,BEYONDRX_OH,7.76
Verify Order,OHIO,5.51
Verify Fill,OHIO,4.93
Verify Fill,BEYONDRX_AZ,5.48
Verify Fill,BEYONDRX_AZ,6.51
Verify Fill,BEYONDRX_AZ,6.36
Verify Order,OHIO,8.09
Verify Batch,OHIO,3.62
Verify Fill,OHIO,11.59
Verify Fill,OHIO,3.88
Verify Batch,BEYONDRX_OH,7.65
Verify Order,OHIO,7.46
Verify Order,BEYONDRX_OH,5.43
Verify Fill,OHIO,7.79
Verify Batch,BEYONDRX_OH,5.45
Verify Order,BEYONDRX_AZ,14.19
Verify Batch,BEYONDRX_OH,17.92
Verify Batch,BEYONDRX_AZ,6.04
Verify Order,BEYONDRX_AZ,9.73
Verify Fill,BEYONDRX_OH,6.92
Verify Fill,OHIO,11.22
Verify Batch,BEYONDRX_OH,1.92
Verify Fill,BEYONDRX_AZ,5.31
Verify Order,OHIO,4.87
Verify Fill,BEYONDRX_OH,7.94
Verify Fill,BEYONDRX_OH,9.51
Verify Fill,OHIO,7.93
Verify Batch,OHIO,6.5
Verify Order,BEYONDRX_AZ,2.09
Verify Fill,BEYONDRX_OH,11.55
Verify Batch,BEYONDRX_AZ,4.02
Verify Batch,BEYONDRX_OH,8.97
Verify Batch,BEYONDRX_OH,10.88
Verify Batch,BEYONDRX_AZ,7.47
Verify Fill,BEYONDRX_AZ,10.28
Verify Order,OHIO,5.03
Verify Order,BEYONDRX_AZ,4.85
Verify Order,BEYONDRX_AZ,14.79
Verify Batch,BEYONDRX_OH,9.82
Verify Order,BEYONDRX_OH,11.73
Verify Order,BEYONDRX_OH,7.41
Verify Batch,BEYONDRX_AZ,8.36
Verify Fill,BEYONDRX_OH,15.0
Verify Order,BEYONDRX_OH,14.8
Verify Batch,BEYONDRX_AZ,3.62
Verify Fill,BEYONDRX_AZ,8.43
Verify Order,BEYONDRX_OH,11.19
Verify Fill,OHIO,8.34
Verify Order,BEYONDRX_OH,13.07
Verify Batch,BEYONDRX_OH,6.43
Verify Fill,BEYONDRX_AZ,8.35
Verify Fill,BEYONDRX_OH,7.61
Verify Batch,BEYONDRX_OH,10.54
Verify Fill,OHIO,6.72
Verify Fill,OHIO,5.24
Verify Batch,BEYONDRX_AZ,4.22
Verify Fill,BEYONDRX_OH,6.11
Verify Batch,BEYONDRX_AZ,4.71
Verify Order,OHIO,4.3
Verify Order,BEYONDRX_AZ,16.24
Verify Order,BEYONDRX_OH,8.66
Verify Batch,BEYONDRX_OH,11.24
Verify Batch,BEYONDRX_OH,8.55
Verify Batch,BEYONDRX_AZ,18.67
Verify Order,OHIO,13.1
Verify Batch,OHIO,9.06
Verify Order,BEYONDRX_OH,6.98
Verify Fill,BEYONDRX_OH,9.98
Verify Order,BEYONDRX_AZ,2.58
Verify Order,BEYONDRX_OH,21.47
Verify Batch,OHIO,13.38
Verify Order,BEYONDRX_OH,9.36
Verify Batch,OHIO,15.54
Verify Fill,OHIO,9.28
Verify Order,BEYONDRX_OH,9.86
Verify Fill,OHIO,9.56
Verify Fill,BEYONDRX_AZ,6.91
Verify Order,BEYONDRX_OH,3.27
Verify Fill,BEYONDRX_AZ,9.6
Verify Batch,OHIO,7.83
Verify Fill,BEYONDRX_OH,9.39
Verify Order,BEYONDRX_AZ,4.65
Verify Order,BEYONDRX_OH,10.53
Verify Fill,BEYONDRX_AZ,2.81
Verify Fill,BEYONDRX_AZ,8.68
Verify Batch,OHIO,7.11
Verify Fill,BEYONDRX_AZ,4.69
Verify Fill,BEYONDRX_OH,8.54
Verify Fill,OHIO,7.54
Verify Order,BEYONDRX_OH,11.9
Verify Fill,BEYONDRX_OH,3.68
Verify Order,BEYONDRX_AZ,16.07
Verify Order,BEYONDRX_AZ,14.78
Verify Fill,BEYONDRX_OH,3.37
Verify Fill,BEYONDRX_OH,8.08
Verify Order,OHIO,15.12
Verify Fill,OHIO,11.5
Verify Batch,OHIO,7.25
Verify Order,OHIO,6.27
Verify Order,OHIO,10.04
Verify Batch,OHIO,6.82
Verify Fill,OHIO,12.01
Verify Batch,OHIO,7.98
Verify Batch,BEYONDRX_OH,2.48
Verify Order,BEYONDRX_OH,14.56
Verify Fill,OHIO,10.31
Verify Batch,BEYONDRX_OH,8.33
Verify Batch,BEYONDRX_AZ,15.42
Verify Fill,BEYONDRX_AZ,20.59
Verify Batch,BEYONDRX_OH,3.92
Verify Fill,BEYONDRX_AZ,5.52
Verify Batch,BEYONDRX_AZ,9.05
Verify Fill,BEYONDRX_AZ,5.29
Verify Batch,OHIO,6.15
Verify Order,OHIO,5.58
Verify Order,OHIO,5.62
Verify Batch,BEYONDRX_AZ,19.15
Verify Fill,OHIO,8.27
Verify Fill,BEYONDRX_AZ,8.06
Verify Order,OHIO,12.21
Verify Batch,OHIO,6.73
Verify Order,BEYONDRX_OH,4.2
Verify Fill,OHIO,3.69
Verify Batch,BEYONDRX_AZ,3.63
Verify Batch,OHIO,13.88
Verify Batch,BEYONDRX_AZ,17.77
Verify Fill,BEYONDRX_OH,8.65
Verify Order,BEYONDRX_AZ,5.94
Verify Batch,BEYONDRX_OH,4.55
Verify Fill,BEYONDRX_OH,10.88
Verify Order,BEYONDRX_OH,12.69
Verify Order,OHIO,7.15
Verify Order,BEYONDRX_AZ,3.02
Verify Fill,BEYONDRX_OH,2.48
Verify Fill,BEYONDRX_AZ,6.06
Verify Batch,BEYONDRX_AZ,6.16
Verify Batch,BEYONDRX_OH,8.68
Verify Batch,OHIO,10.89
Verify Order,OHIO,8.96
Verify Batch,BEYONDRX_OH,5.01
Verify Batch,BEYONDRX_OH,8.85
Verify Fill,BEYONDRX_OH,5.57
Verify Batch,BEYONDRX_OH,9.48
Verify Fill,BEYONDRX_OH,8.01
Verify Order,OHIO,6.73
Verify Batch,BEYONDRX_OH,4.87
Verify Fill,BEYONDRX_AZ,9.49
Verify Batch,BEYONDRX_OH,4.4
Verify Batch,BEYONDRX_AZ,8.16
Verify Fill,BEYONDRX_AZ,12.97
Verify Batch,BEYONDRX_OH,7.6
Verify Order,BEYONDRX_OH,5.9
Verify Batch,BEYONDRX_OH,7.78
Verify Order,BEYONDRX_OH,8.22
Verify Order,BEYONDRX_OH,9.33
Verify Order,BEYONDRX_OH,11.33
Verify Order,BEYONDRX_AZ,13.68
Verify Order,BEYONDRX_OH,5.18
Verify Fill,BEYONDRX_OH,4.63
Verify Batch,BEYONDRX_AZ,14.71
Verify Order,BEYONDRX_OH,8.54
Verify Batch,OHIO,5.76
Verify Order,BEYONDRX_AZ,7.57
Verify Batch,BEYONDRX_AZ,14.82
Verify Fill,BEYONDRX_OH,5.21
Verify Batch,BEYONDRX_AZ,12.26
Verify Fill,OHIO,8.88
Verify Order,BEYONDRX_OH,6.19
Verify Order,BEYONDRX_AZ,6.36
Verify Batch,BEYONDRX_OH,8.56
Verify Batch,OHIO,7.93
Verify Order,BEYONDRX_OH,3.16
Verify Batch,BEYONDRX_OH,5.15
Verify Batch,BEYONDRX_AZ,3.85
Verify Order,OHIO,4.91
Verify Fill,BEYONDRX_AZ,3.26
Verify Fill,BEYONDRX_AZ,7.8
Verify Fill,BEYONDRX_OH,1.84
Verify Batch,OHIO,6.03
Verify Order,BEYONDRX_OH,7.72
Verify Fill,BEYONDRX_AZ,7.44
Verify Fill,OHIO,2.67
Verify Order,OHIO,7.87
Verify Batch,BEYONDRX_AZ,6.51
Verify Order,BEYONDRX_OH,4.5
Verify Order,OHIO,3.76
Verify Batch,BEYONDRX_OH,12.53
Verify Batch,BEYONDRX_OH,6.24
Verify Order,BEYONDRX_OH,9.36
Verify Batch,OHIO,6.57
Verify Order,BEYONDRX_AZ,9.08
Verify Fill,OHIO,7.1
Verify Batch,OHIO,7.62
Verify Order,BEYONDRX_AZ,10.48
Verify Order,BEYONDRX_AZ,4.58
Verify Batch,BEYONDRX_OH,8.8
Verify Fill,OHIO,10.07
Verify Batch,OHIO,9.08
Verify Batch,OHIO,5.65
Verify Batch,OHIO,10.54
Verify Batch,OHIO,14.93
Verify Batch,OHIO,12.64
Verify Fill,BEYONDRX_OH,10.0
Verify Fill,BEYONDRX_OH,6.85
Verify Batch,BEYONDRX_OH,2.1
Verify Batch,BEYONDRX_AZ,4.61
Verify Order,OHIO,5.36
Verify Batch,OHIO,27.22
Verify Order,BEYONDRX_AZ,8.87
Verify Order,BEYONDRX_AZ,4.52
Verify Order,OHIO,11.95
Verify Fill,BEYONDRX_AZ,4.89
Verify Order,BEYONDRX_AZ,8.53
Verify Fill,BEYONDRX_OH,11.43
Verify Order,OHIO,7.69
Verify Batch,BEYONDRX_OH,11.26
Verify Fill,OHIO,10.2
Verify Fill,BEYONDRX_OH,9.27
Verify Order,OHIO,4.05
Verify Batch,BEYONDRX_AZ,6.19
Verify Batch,BEYONDRX_AZ,6.0
Verify Order,BEYONDRX_AZ,12.91
Verify Batch,OHIO,8.76
Verify Fill,OHIO,9.23
Verify Batch,OHIO,2.75
Verify Order,BEYONDRX_OH,4.73
Verify Order,BEYONDRX_OH,13.45
Verify Batch,BEYONDRX_AZ,2.28
Verify Batch,BEYONDRX_OH,4.89
Verify Fill,BEYONDRX_OH,17.42
Verify Order,BEYONDRX_AZ,9.85
Verify Order,BEYONDRX_AZ,9.85
Verify Order,BEYONDRX_OH,8.79
Verify Batch,BEYONDRX_OH,9.09
Verify Fill,BEYONDRX_OH,10.66
Verify Order,OHIO,10.29
Verify Order,OHIO,5.4
Verify Fill,BEYONDRX_OH,10.57
Verify Batch,OHIO,2.93
Verify Batch,BEYONDRX_OH,13.01
Verify Order,BEYONDRX_AZ,7.91
Verify Fill,BEYONDRX_AZ,5.06
Verify Batch,BEYONDRX_AZ,6.38
Verify Batch,BEYONDRX_AZ,9.89
Verify Fill,OHIO,6.77
Verify Fill,OHIO,2.11
Verify Order,BEYONDRX_AZ,3.7
Verify Batch,BEYONDRX_OH,10.16
Verify Order,OHIO,13.22
Verify Batch,BEYONDRX_AZ,8.32
Verify Batch,OHIO,9.47
Verify Fill,BEYONDRX_OH,8.32
Verify Batch,BEYONDRX_AZ,3.34
Verify Fill,BEYONDRX_AZ,2.18
Verify Order,BEYONDRX_AZ,21.24
Verify Order,OHIO,7.29
Verify Batch,BEYONDRX_OH,11.16
Verify Batch,BEYONDRX_AZ,13.84
Verify Batch,OHIO,7.45
Verify Batch,BEYONDRX_OH,5.58
Verify Order,BEYONDRX_OH,3.15
Verify Fill,BEYONDRX_AZ,8.14
Verify Batch,OHIO,8.35
Verify Batch,OHIO,6.61
Verify Order,BEYONDRX_AZ,6.77
Verify Order,BEYONDRX_OH,5.51
Verify Order,OHIO,8.19
Verify Batch,OHIO,5.14
Verify Fill,BEYONDRX_OH,1.96
Verify Batch,BEYONDRX_OH,3.3
Verify Batch,BEYONDRX_OH,4.99
Verify Fill,OHIO,13.21
Verify Order,BEYONDRX_AZ,8.45
Verify Order,BEYONDRX_OH,20.15
Verify Fill,BEYONDRX_OH,3.38
Verify Order,BEYONDRX_OH,6.72
Verify Batch,BEYONDRX_OH,3.38
Verify Batch,OHIO,8.15
Verify Batch,OHIO,13.9
Verify Order,BEYONDRX_OH,7.15
Verify Fill,BEYONDRX_OH,7.49
Verify Batch,OHIO,9.68
Verify Fill,OHIO,12.07
Verify Fill,BEYONDRX_AZ,4.6
Verify Order,BEYONDRX_OH,10.68
Verify Order,BEYONDRX_OH,6.77
Verify Batch,OHIO,2.66
Verify Batch,OHIO,9.37
Verify Batch,OHIO,10.04
Verify Batch,BEYONDRX_OH,4.72
Verify Fill,BEYONDRX_AZ,11.21
Verify Order,OHIO,17.48
Verify Batch,BEYONDRX_OH,8.2
Verify Fill,OHIO,9.86
Verify Fill,BEYONDRX_AZ,4.95
Verify Batch,OHIO,14.5
Verify Fill,OHIO,6.48
Verify Batch,OHIO,10.4
Verify Batch,BEYONDRX_OH,9.55
Verify Order,BEYONDRX_OH,1.77
Verify Fill,BEYONDRX_OH,7.95
Verify Order,BEYONDRX_OH,7.25
Verify Fill,BEYONDRX_AZ,11.92
Verify Batch,OHIO,2.67
Verify Fill,BEYONDRX_AZ,5.6
Verify Batch,BEYONDRX_OH,6.82
Verify Batch,BEYONDRX_AZ,12.64
Verify Fill,OHIO,4.26
Verify Order,OHIO,2.27
Verify Batch,BEYONDRX_OH,9.9
Verify Order,BEYONDRX_AZ,4.97
Verify Fill,OHIO,6.26
Verify Batch,BEYONDRX_OH,10.31
Verify Order,BEYONDRX_OH,5.31
Verify Order,BEYONDRX_AZ,5.54
Verify Batch,OHIO,12.66
Verify Batch,BEYONDRX_OH,11.05
Verify Fill,BEYONDRX_OH,4.17
Verify Batch,BEYONDRX_OH,5.13
Verify Batch,OHIO,5.97
Verify Batch,OHIO,5.48
Verify Batch,BEYONDRX_AZ,10.34
Verify Batch,OHIO,9.75
Verify Fill,BEYONDRX_AZ,13.83
Verify Batch,BEYONDRX_OH,6.28
Verify Order,BEYONDRX_OH,6.53
Verify Order,BEYONDRX_AZ,7.62
Verify Batch,BEYONDRX_OH,3.94
Verify Order,BEYONDRX_AZ,2.72
Verify Batch,BEYONDRX_AZ,6.71
Verify Fill,BEYONDRX_AZ,5.03
Verify Order,BEYONDRX_AZ,10.19
Verify Order,OHIO,5.85
Verify Batch,BEYONDRX_OH,6.34
Verify Fill,BEYONDRX_AZ,10.27
Verify Fill,BEYONDRX_OH,9.39
Verify Order,BEYONDRX_AZ,14.71
Verify Order,OHIO,9.97
Verify Fill,OHIO,5.13
Verify Fill,BEYONDRX_AZ,5.78
Verify Order,BEYONDRX_AZ,14.11
Verify Batch,OHIO,12.34
Verify Order,OHIO,5.96
Verify Order,OHIO,8.96
Verify Order,BEYONDRX_OH,4.25
Verify Fill,BEYONDRX_AZ,6.22
Verify Order,BEYONDRX_OH,6.67
Verify Order,BEYONDRX_OH,4.83
Verify Order,OHIO,8.3
Verify Order,BEYONDRX_AZ,4.0
Verify Fill,BEYONDRX_AZ,8.91
Verify Order,OHIO,5.35
Verify Fill,OHIO,11.68
Verify Batch,BEYONDRX_OH,10.12
Verify Order,BEYONDRX_AZ,5.56
Verify Fill,OHIO,6.14
Verify Batch,BEYONDRX_AZ,11.31
Verify Batch,BEYONDRX_OH,8.49
Verify Batch,BEYONDRX_OH,5.19
Verify Order,OHIO,5.38
Verify Batch,BEYONDRX_AZ,13.02
Verify Batch,OHIO,6.86
Verify Batch,BEYONDRX_AZ,5.98
Verify Order,BEYONDRX_OH,10.64
Verify Fill,BEYONDRX_AZ,9.1
Verify Batch,OHIO,7.9
Verify Fill,BEYONDRX_AZ,3.77
Verify Order,BEYONDRX_AZ,2.64
Verify Fill,BEYONDRX_OH,6.06
Verify Fill,BEYONDRX_AZ,9.75
Verify Order,BEYONDRX_AZ,7.47
Verify Fill,BEYONDRX_AZ,17.46
Verify Fill,OHIO,12.86
Verify Order,BEYONDRX_AZ,5.84
Verify Batch,BEYONDRX_OH,5.71
Verify Batch,OHIO,9.11
Verify Batch,OHIO,12.13
Verify Order,BEYONDRX_AZ,7.03
Verify Fill,BEYONDRX_OH,7.92
Verify Fill,BEYONDRX_OH,12.93
Verify Batch,BEYONDRX_AZ,14.42
Verify Batch,BEYONDRX_OH,15.31
Verify Batch,BEYONDRX_OH,15.53
Verify Order,BEYONDRX_AZ,20.44
Verify Fill,BEYONDRX_AZ,7.22
Verify Batch,OHIO,9.3
Verify Batch,OHIO,6.54
Verify Fill,BEYONDRX_AZ,3.61
Verify Fill,OHIO,8.9
Verify Order,OHIO,9.69
Verify Fill,BEYONDRX_OH,5.71
Verify Order,BEYONDRX_AZ,6.06
Verify Order,BEYONDRX_AZ,6.1
Verify Order,BEYONDRX_AZ,8.58
Verify Fill,BEYONDRX_OH,5.32
Verify Fill,BEYONDRX_OH,5.83
Verify Order,OHIO,6.3
Verify Order,OHIO,16.89
Verify Fill,BEYONDRX_AZ,8.73
Verify Batch,BEYONDRX_AZ,4.81
Verify Batch,OHIO,16.68
Verify Batch,BEYONDRX_OH,6.61
Verify Fill,BEYONDRX_OH,6.66
Verify Batch,BEYONDRX_AZ,11.1
Verify Fill,BEYONDRX_OH,11.84
Verify Order,BEYONDRX_OH,9.06
Verify Batch,OHIO,7.97
Verify Order,OHIO,7.38
Verify Order,BEYONDRX_OH,3.95
Verify Fill,OHIO,7.73
Verify Order,BEYONDRX_AZ,6.3
Verify Fill,BEYONDRX_AZ,6.48
Verify Batch,BEYONDRX_OH,3.48
Verify Order,OHIO,12.07
Verify Batch,BEYONDRX_AZ,9.41
Verify Fill,BEYONDRX_OH,7.64
Verify Batch,BEYONDRX_OH,13.43
Verify Order,BEYONDRX_OH,9.13
Verify Fill,BEYONDRX_AZ,14.93
Verify Fill,BEYONDRX_AZ,7.92
Verify Batch,BEYONDRX_AZ,13.68
Verify Order,OHIO,12.1
Verify Fill,BEYONDRX_OH,6.95
Verify Fill,BEYONDRX_AZ,5.21
Verify Batch,BEYONDRX_AZ,18.69
Verify Fill,OHIO,6.54
Verify Batch,OHIO,10.7
Verify Fill,OHIO,13.2
Verify Fill,BEYONDRX_AZ,9.36
Verify Order,BEYONDRX_OH,14.52
Verify Fill,BEYONDRX_AZ,6.81
Verify Fill,OHIO,11.51
Verify Order,BEYONDRX_OH,7.97
Verify Batch,BEYONDRX_OH,4.45
Verify Batch,BEYONDRX_AZ,11.06
Verify Batch,BEYONDRX_OH,10.22
Verify Batch,BEYONDRX_AZ,9.27
Verify Order,BEYONDRX_OH,6.53
Verify Order,BEYONDRX_OH,6.37
Verify Batch,BEYONDRX_OH,12.28
Verify Fill,BEYONDRX_OH,3.47
Verify Fill,OHIO,7.71
Verify Batch,BEYONDRX_AZ,8.48
Verify Fill,BEYONDRX_AZ,11.3
Verify Batch,OHIO,8.74
Verify Fill,OHIO,10.41
Verify Batch,OHIO,6.75
Verify Batch,BEYONDRX_AZ,6.77
Verify Order,BEYONDRX_AZ,20.0
Verify Batch,BEYONDRX_AZ,7.93
Verify Order,BEYONDRX_AZ,6.04
Verify Fill,BEYONDRX_OH,7.3
Verify Fill,OHIO,2.94
Verify Batch,BEYONDRX_OH,10.01
Verify Batch,BEYONDRX_OH,11.76
Verify Order,BEYONDRX_OH,4.74
Verify Order,BEYONDRX_OH,9.17
Verify Order,OHIO,18.1
Verify Batch,OHIO,9.3
Verify Order,BEYONDRX_OH,5.69
Verify Fill,BEYONDRX_AZ,6.03
Verify Order,BEYONDRX_OH,4.74
Verify Order,BEYONDRX_OH,11.48
Verify Fill,BEYONDRX_OH,9.08
Verify Order,OHIO,12.51
Verify Fill,BEYONDRX_OH,5.72
Verify Fill,BEYONDRX_AZ,7.43
Verify Order,OHIO,12.99
Verify Order,OHIO,14.97
Verify Order,BEYONDRX_OH,5.77
Verify Batch,BEYONDRX_OH,8.42
Verify Fill,BEYONDRX_OH,7.31
Verify Fill,OHIO,2.33
Verify Order,BEYONDRX_AZ,12.13
Verify Order,OHIO,7.06
Verify Order,BEYONDRX_OH,20.89
Verify Batch,BEYONDRX_AZ,8.44
Verify Order,BEYONDRX_AZ,15.15
Verify Fill,BEYONDRX_OH,5.27
Verify Order,BEYONDRX_OH,1.47
Verify Fill,BEYONDRX_OH,6.45
Verify Batch,OHIO,5.15
Verify Order,BEYONDRX_OH,6.59
Verify Order,BEYONDRX_OH,7.88
Verify Fill,BEYONDRX_OH,7.76
Verify Batch,BEYONDRX_AZ,15.06
Verify Fill,BEYONDRX_OH,11.11
Verify Order,OHIO,9.12
Verify Fill,OHIO,4.27
Verify Fill,OHIO,7.45
Verify Order,BEYONDRX_OH,14.66
Verify Fill,BEYONDRX_OH,16.75
Verify Order,OHIO,4.73
Verify Order,BEYONDRX_OH,9.8
Verify Batch,BEYONDRX_AZ,4.49
Verify Fill,BEYONDRX_AZ,7.77
Verify Fill,BEYONDRX_AZ,5.8
Verify Batch,OHIO,8.91
Verify Order,BEYONDRX_AZ,13.59
Verify Batch,OHIO,5.07
Verify Batch,BEYONDRX_AZ,6.21
Verify Fill,BEYONDRX_OH,6.07
Verify Batch,OHIO,9.75
Verify Batch,BEYONDRX_AZ,8.36
Verify Batch,OHIO,9.2
Verify Order,BEYONDRX_AZ,13.21
Verify Batch,OHIO,5.49
Verify Fill,BEYONDRX_OH,6.49
Verify Fill,BEYONDRX_OH,6.05
Verify Batch,BEYONDRX_OH,10.6
Verify Batch,BEYONDRX_OH,7.96
Verify Fill,BEYONDRX_OH,5.64
Verify Order,BEYONDRX_AZ,9.2
Verify Fill,BEYONDRX_OH,11.46
Verify Fill,BEYONDRX_OH,6.4
Verify Fill,BEYONDRX_AZ,13.61
Verify Order,OHIO,7.3
Verify Order,OHIO,6.16
Verify Order,BEYONDRX_AZ,7.22
Verify Order,OHIO,7.29
Verify Fill,BEYONDRX_AZ,8.86
Verify Batch,BEYONDRX_AZ,14.76
Verify Batch,BEYONDRX_OH,6.05
Verify Order,BEYONDRX_OH,3.72
Verify Order,BEYONDRX_OH,6.39
Verify Order,BEYONDRX_AZ,11.42
Verify Fill,OHIO,4.74
Verify Batch,OHIO,5.55
Verify Order,BEYONDRX_AZ,2.54
Verify Order,BEYONDRX_OH,11.93
Verify Batch,BEYONDRX_AZ,7.7
Verify Batch,BEYONDRX_AZ,9.08
Verify Order,OHIO,6.06
Verify Batch,OHIO,17.51
Verify Fill,BEYONDRX_OH,6.0
Verify Fill,OHIO,11.69
Verify Batch,BEYONDRX_AZ,8.41
Verify Batch,BEYONDRX_OH,12.12
Verify Batch,OHIO,7.56
Verify Order,BEYONDRX_OH,15.97
Verify Batch,OHIO,5.37
Verify Fill,OHIO,9.61
Verify Order,BEYONDRX_OH,8.97
Verify Batch,OHIO,10.59
Verify Order,BEYONDRX_AZ,7.04
Verify Fill,BEYONDRX_AZ,18.13
Verify Order,BEYONDRX_AZ,11.33
Verify Order,BEYONDRX_AZ,3.86
Verify Batch,BEYONDRX_OH,4.62
Verify Batch,BEYONDRX_AZ,9.48
Verify Batch,BEYONDRX_OH,3.73
Verify Fill,BEYONDRX_AZ,10.32
Verify Batch,OHIO,3.31
Verify Batch,BEYONDRX_OH,4.62
Verify Order,BEYONDRX_OH,22.65
Verify Fill,BEYONDRX_AZ,4.82
Verify Batch,OHIO,4.35
Verify Order,BEYONDRX_OH,6.26
Verify Batch,OHIO,9.53
Verify Fill,BEYONDRX_AZ,7.02
Verify Fill,BEYONDRX_OH,14.17
Verify Batch,OHIO,9.47
Verify Fill,BEYONDRX_AZ,4.85
Verify Batch,BEYONDRX_AZ,3.63
Verify Fill,BEYONDRX_OH,17.7
Verify Fill,BEYONDRX_OH,4.44
Verify Batch,BEYONDRX_AZ,9.03
Verify Order,OHIO,11.17
Verify Fill,BEYONDRX_OH,5.62
Verify Order,BEYONDRX_AZ,7.62
Verify Fill,BEYONDRX_AZ,3.51
Verify Order,OHIO,5.09
Verify Fill,BEYONDRX_OH,6.22
Verify Order,OHIO,8.86
Verify Fill,BEYONDRX_OH,18.13
Verify Batch,BEYONDRX_OH,7.26
Verify Batch,BEYONDRX_AZ,12.13
Verify Batch,BEYONDRX_AZ,9.04
Verify Fill,BEYONDRX_AZ,8.68
Verify Batch,OHIO,6.71
Verify Fill,BEYONDRX_OH,15.49
Verify Batch,BEYONDRX_AZ,10.43
Verify Batch,BEYONDRX_AZ,11.22
Verify Order,OHIO,4.88
Verify Batch,BEYONDRX_OH,8.7
Verify Batch,BEYONDRX_AZ,9.15
Verify Fill,OHIO,11.44
Verify Order,OHIO,8.88
Verify Batch,OHIO,7.27
Verify Fill,OHIO,7.1
Verify Batch,BEYONDRX_AZ,16.74
Verify Batch,BEYONDRX_AZ,5.46
Verify Order,BEYONDRX_AZ,5.47
Verify Batch,BEYONDRX_OH,6.6
Verify Fill,BEYONDRX_OH,7.59
Verify Batch,OHIO,9.53
Verify Order,OHIO,11.57
Verify Order,BEYONDRX_OH,11.28
Verify Order,BEYONDRX_AZ,7.35
Verify Fill,BEYONDRX_OH,8.19
Verify Fill,OHIO,3.61
Verify Order,OHIO,16.13
Verify Fill,BEYONDRX_AZ,9.38
Verify Order,BEYONDRX_AZ,5.01
Verify Fill,OHIO,7.31
Verify Batch,BEYONDRX_AZ,4.05
Verify Order,OHIO,8.88
Verify Batch,BEYONDRX_AZ,20.43
Verify Order,BEYONDRX_AZ,11.22
Verify Order,BEYONDRX_AZ,13.64
Verify Order,BEYONDRX_AZ,17.3
Verify Fill,OHIO,5.48
Verify Batch,BEYONDRX_AZ,10.34
Verify Order,BEYONDRX_OH,13.25
Verify Order,BEYONDRX_OH,6.17
Verify Batch,BEYONDRX_OH,12.93
Verify Batch,BEYONDRX_OH,3.75
Verify Fill,OHIO,9.26
Verify Fill,BEYONDRX_AZ,6.05
Verify Order,BEYONDRX_AZ,13.54
Verify Order,BEYONDRX_AZ,11.98
Verify Order,OHIO,3.54
Verify Batch,BEYONDRX_OH,4.15
Verify Fill,BEYONDRX_OH,11.07
Verify Batch,BEYONDRX_OH,10.2
Verify Order,BEYONDRX_AZ,3.52
Verify Batch,BEYONDRX_OH,10.8
Verify Order,BEYONDRX_AZ,9.31
Verify Batch,BEYONDRX_AZ,5.23
Verify Order,BEYONDRX_OH,4.82
Verify Batch,BEYONDRX_AZ,6.54
Verify Fill,BEYONDRX_OH,12.71
Verify Fill,OHIO,10.09
Verify Batch,OHIO,6.37
Verify Order,OHIO,4.06
Verify Fill,BEYONDRX_AZ,12.75
Verify Batch,BEYONDRX_OH,6.83
Verify Batch,OHIO,2.14
Verify Fill,OHIO,12.63
Verify Batch,OHIO,5.55
Verify Fill,BEYONDRX_OH,5.43
Verify Order,BEYONDRX_AZ,9.53
Verify Order,BEYONDRX_AZ,5.07
Verify Fill,BEYONDRX_AZ,8.73
Verify Fill,BEYONDRX_OH,9.58
Verify Batch,BEYONDRX_AZ,6.26
Verify Order,OHIO,9.75
Verify Fill,BEYONDRX_OH,9.91
Verify Fill,BEYONDRX_OH,6.8
Verify Fill,OHIO,4.98
Verify Fill,OHIO,6.34
Verify Order,OHIO,7.55
Verify Fill,BEYONDRX_AZ,14.04
Verify Fill,BEYONDRX_AZ,5.2
Verify Batch,BEYONDRX_AZ,5.0
Verify Fill,BEYONDRX_OH,13.5
Verify Batch,BEYONDRX_AZ,7.36
Verify Order,OHIO,6.01
Verify Fill,BEYONDRX_AZ,10.6
Verify Batch,BEYONDRX_OH,11.68
Verify Order,BEYONDRX_OH,3.92
Verify Batch,BEYONDRX_AZ,5.04
Verify Order,BEYONDRX_AZ,7.62
Verify Order,BEYONDRX_OH,7.51
Verify Fill,BEYONDRX_AZ,14.58
Verify Batch,BEYONDRX_OH,11.06
Verify Order,BEYONDRX_AZ,8.58
Verify Batch,BEYONDRX_OH,3.82
Verify Order,BEYONDRX_AZ,5.61
Verify Batch,OHIO,6.46
Verify Fill,OHIO,3.01
Verify Batch,BEYONDRX_AZ,14.48
Verify Batch,BEYONDRX_OH,8.7
Verify Batch,BEYONDRX_AZ,5.55
Verify Fill,BEYONDRX_AZ,9.68
Verify Batch,OHIO,8.85
Verify Order,OHIO,5.15
Verify Fill,BEYONDRX_OH,5.48
Verify Order,BEYONDRX_OH,4.63
Verify Batch,BEYONDRX_AZ,4.36
Verify Batch,BEYONDRX_OH,5.91
Verify Batch,BEYONDRX_AZ,8.7
Verify Batch,OHIO,5.75
Verify Fill,BEYONDRX_AZ,6.3
Verify Fill,BEYONDRX_AZ,4.12
Verify Order,BEYONDRX_AZ,10.41
Verify Batch,BEYONDRX_OH,21.73
Verify Fill,BEYONDRX_OH,8.39
Verify Batch,OHIO,13.34
Verify Order,OHIO,6.81
Verify Order,OHIO,20.5
Verify Order,BEYONDRX_OH,6.83
Verify Batch,BEYONDRX_OH,5.9
Verify Batch,BEYONDRX_AZ,15.63
Verify Batch,BEYONDRX_OH,7.89
Verify Order,BEYONDRX_AZ,9.59
Verify Batch,OHIO,7.48
Verify Fill,OHIO,10.6
Verify Order,BEYONDRX_AZ,4.46
Verify Fill,BEYONDRX_OH,4.57
Verify Order,BEYONDRX_AZ,7.85
Verify Order,BEYONDRX_AZ,11.02
Verify Batch,BEYONDRX_OH,7.29
Verify Batch,BEYONDRX_OH,9.79
Verify Fill,OHIO,7.09
Verify Batch,BEYONDRX_OH,4.36
Verify Batch,BEYONDRX_AZ,4.55
Verify Batch,BEYONDRX_OH,6.94
Verify Fill,BEYONDRX_OH,4.06
Verify Order,BEYONDRX_AZ,7.19
Verify Order,BEYONDRX_OH,4.77
Verify Batch,BEYONDRX_OH,11.09
Verify Batch,BEYONDRX_OH,4.18
Verify Order,BEYONDRX_AZ,7.67
Verify Fill,BEYONDRX_OH,6.26
Verify Fill,BEYONDRX_AZ,5.08
Verify Batch,BEYONDRX_AZ,8.61
Verify Batch,OHIO,12.46
Verify Fill,BEYONDRX_OH,6.53
Verify Fill,OHIO,8.07
Verify Order,BEYONDRX_AZ,3.73
Verify Batch,BEYONDRX_AZ,6.42
Verify Order,BEYONDRX_OH,13.42
Verify Batch,OHIO,5.9
Verify Fill,OHIO,6.98
Verify Batch,OHIO,10.46
Verify Fill,OHIO,3.65
Verify Fill,BEYONDRX_AZ,11.87
Verify Order,BEYONDRX_AZ,14.14
Verify Batch,BEYONDRX_OH,9.39
Verify Order,BEYONDRX_AZ,7.46
Verify Fill,BEYONDRX_AZ,10.97
Verify Order,BEYONDRX_OH,10.37
Verify Batch,OHIO,8.65
Verify Batch,OHIO,1.82
Verify Fill,BEYONDRX_OH,15.21
Verify Fill,BEYONDRX_AZ,5.33
Verify Batch,BEYONDRX_AZ,2.55
Verify Order,BEYONDRX_OH,7.09
Verify Fill,BEYONDRX_AZ,8.89
Verify Batch,BEYONDRX_AZ,17.59
Verify Order,OHIO,5.49
Verify Fill,BEYONDRX_AZ,2.59
Verify Batch,BEYONDRX_OH,4.21
Verify Fill,BEYONDRX_AZ,10.02
Verify Order,BEYONDRX_AZ,7.0
Verify Order,OHIO,11.02
Verify Batch,OHIO,10.83
Verify Batch,OHIO,2.95
Verify Batch,OHIO,9.83
Verify Order,OHIO,14.49
Verify Order,OHIO,6.77
Verify Order,BEYONDRX_OH,6.22
Verify Fill,OHIO,10.45
Verify Order,BEYONDRX_AZ,1.64
Verify Fill,BEYONDRX_OH,8.51
Verify Fill,BEYONDRX_AZ,4.38
Verify Batch,BEYONDRX_OH,5.94
Verify Order,OHIO,4.75
Verify Batch,BEYONDRX_OH,13.11
Verify Fill,BEYONDRX_OH,9.43
Verify Order,BEYONDRX_AZ,5.74
Verify Fill,BEYONDRX_AZ,5.66
Verify Batch,BEYONDRX_OH,12.31
Verify Fill,OHIO,5.12
Verify Batch,OHIO,11.24
Verify Order,BEYONDRX_OH,3.69
Verify Order,BEYONDRX_AZ,4.64
Verify Order,BEYONDRX_OH,5.22
Verify Fill,OHIO,5.81
Verify Order,BEYONDRX_OH,12.53
Verify Batch,OHIO,6.53
Verify Fill,BEYONDRX_AZ,6.44
Verify Batch,OHIO,5.28
Verify Fill,OHIO,7.23
Verify Fill,BEYONDRX_AZ,10.03
Verify Fill,BEYONDRX_OH,11.18
Verify Order,BEYONDRX_AZ,4.96
Verify Order,BEYONDRX_AZ,6.46
Verify Order,BEYONDRX_OH,8.28
Verify Order,OHIO,13.62
Verify Order,BEYONDRX_AZ,6.07
Verify Batch,BEYONDRX_AZ,4.21
Verify Batch,OHIO,10.01
Verify Batch,OHIO,2.83
Verify Batch,BEYONDRX_OH,6.82
Verify Fill,OHIO,10.17
Verify Order,BEYONDRX_OH,10.35
Verify Order,OHIO,6.34
Verify Fill,BEYONDRX_OH,12.72
Verify Order,BEYONDRX_AZ,3.44
Verify Order,BEYONDRX_AZ,15.47
Verify Fill,BEYONDRX_OH,9.7
Verify Batch,OHIO,4.23
Verify Fill,OHIO,13.26
Verify Batch,BEYONDRX_AZ,7.88
Verify Order,OHIO,10.49
Verify Batch,BEYONDRX_OH,8.16
Verify Batch,BEYONDRX_AZ,7.49
Verify Fill,OHIO,7.09
Verify Order,OHIO,9.44
Verify Batch,OHIO,4.77
Verify Fill,BEYONDRX_AZ,6.79
Verify Fill,OHIO,7.74
Verify Batch,OHIO,17.31
Verify Order,OHIO,2.93
Verify Batch,BEYONDRX_AZ,8.42
Verify Batch,OHIO,9.49
Verify Order,OHIO,4.49
Verify Fill,BEYONDRX_OH,8.03
Verify Fill,BEYONDRX_OH,13.68
Verify Batch,OHIO,8.99
Verify Fill,OHIO,12.5
Verify Batch,BEYONDRX_OH,9.67
Verify Order,BEYONDRX_AZ,11.74
Verify Order,OHIO,11.08
Verify Order,BEYONDRX_AZ,17.59
Verify Fill,BEYONDRX_OH,10.32
Verify Fill,OHIO,5.89
Verify Batch,BEYONDRX_OH,4.8
Verify Fill,BEYONDRX_AZ,7.43
Verify Fill,BEYONDRX_AZ,5.48
Verify Order,OHIO,8.61
Verify Fill,BEYONDRX_AZ,12.5
Verify Batch,BEYONDRX_AZ,16.41
Verify Batch,OHIO,7.07
Verify Order,BEYONDRX_AZ,10.53
Verify Fill,OHIO,4.12
Verify Fill,BEYONDRX_OH,9.76
Verify Batch,BEYONDRX_OH,4.31
Verify Batch,OHIO,7.55
Verify Batch,BEYONDRX_AZ,8.64
Verify Order,OHIO,10.12
Verify Order,OHIO,4.2
Verify Fill,BEYONDRX_AZ,8.7
Verify Order,BEYONDRX_AZ,5.87
Verify Order,BEYONDRX_AZ,11.25
Verify Batch,BEYONDRX_AZ,10.95
Verify Fill,BEYONDRX_AZ,10.23
Verify Batch,OHIO,3.7
Verify Batch,OHIO,6.27
Verify Batch,BEYONDRX_OH,11.1
Verify Batch,BEYONDRX_OH,14.72
Verify Order,OHIO,11.28
Verify Batch,BEYONDRX_AZ,5.42
Verify Order,BEYONDRX_OH,15.72
Verify Order,BEYONDRX_OH,8.17
Verify Batch,OHIO,5.63
Verify Order,OHIO,29.99
Verify Batch,BEYONDRX_AZ,11.31
Verify Fill,BEYONDRX_AZ,7.6
Verify Order,OHIO,1.42
Verify Order,BEYONDRX_OH,7.88
Verify Fill,BEYONDRX_AZ,15.83
Verify Order,BEYONDRX_OH,13.43
Verify Fill,BEYONDRX_AZ,4.51
Verify Fill,BEYONDRX_OH,7.59
Verify Order,OHIO,6.03
Verify Order,OHIO,16.37
Verify Fill,BEYONDRX_OH,4.08
Verify Batch,OHIO,2.76
Verify Order,BEYONDRX_OH,11.47
Verify Fill,BEYONDRX_AZ,3.75
Verify Batch,BEYONDRX_OH,6.73
Verify Fill,BEYONDRX_AZ,6.89
Verify Order,BEYONDRX_AZ,16.18
Verify Fill,BEYONDRX_AZ,3.94
Verify Batch,OHIO,5.61
Verify Batch,BEYONDRX_AZ,12.99
Verify Fill,BEYONDRX_AZ,7.51
Verify Fill,BEYONDRX_OH,5.71
Verify Order,BEYONDRX_OH,7.01
Verify Order,OHIO,6.47
Verify Order,BEYONDRX_OH,6.22
Verify Order,OHIO,18.34
Verify Order,BEYONDRX_OH,7.11
Verify Fill,BEYONDRX_OH,15.34
Verify Order,BEYONDRX_AZ,4.76
Verify Batch,BEYONDRX_OH,8.09
Verify Fill,BEYONDRX_AZ,2.52
Verify Fill,BEYONDRX_OH,7.04
Verify Batch,BEYONDRX_OH,6.16
Verify Batch,BEYONDRX_AZ,6.68
Verify Order,OHIO,6.0
Verify Fill,BEYONDRX_OH,11.95
Verify Fill,BEYONDRX_OH,6.07
Verify Order,OHIO,7.83
Verify Batch,BEYONDRX_OH,8.89
Verify Fill,BEYONDRX_AZ,11.8
Verify Batch,BEYONDRX_OH,7.6
Verify Order,BEYONDRX_AZ,8.15
Verify Order,BEYONDRX_OH,7.6
Verify Order,BEYONDRX_OH,10.55
Verify Fill,BEYONDRX_OH,17.29
Verify Order,OHIO,8.01
Verify Batch,BEYONDRX_AZ,5.93
Verify Batch,BEYONDRX_AZ,8.28
Verify Fill,OHIO,7.43
Verify Fill,BEYONDRX_AZ,5.75
Verify Fill,BEYONDRX_AZ,8.54
Verify Order,BEYONDRX_OH,4.67
Verify Order,BEYONDRX_AZ,2.88
Verify Fill,OHIO,7.59
Verify Fill,BEYONDRX_OH,7.83
Verify Order,BEYONDRX_OH,3.36
Verify Order,BEYONDRX_OH,6.86
Verify Order,BEYONDRX_OH,4.05
Verify Batch,OHIO,13.88
Verify Fill,BEYONDRX_AZ,9.31
Verify Batch,BEYONDRX_OH,15.55
Verify Batch,BEYONDRX_AZ,11.16
Verify Batch,BEYONDRX_OH,6.57
Verify Fill,OHIO,3.04
Verify Batch,BEYONDRX_AZ,13.81
Verify Fill,OHIO,12.68
Verify Order,BEYONDRX_AZ,9.63
Verify Order,OHIO,4.2
Verify Batch,BEYONDRX_OH,2.64
Verify Order,OHIO,2.65
Verify Batch,BEYONDRX_OH,7.49
Verify Order,OHIO,4.3
Verify Fill,BEYONDRX_AZ,4.98
Verify Batch,OHIO,7.1
Verify Batch,BEYONDRX_AZ,7.93
Verify Order,BEYONDRX_OH,6.09
Verify Fill,OHIO,5.46
Verify Batch,BEYONDRX_OH,10.9
Verify Order,OHIO,1.53
Verify Fill,OHIO,6.39
Verify Batch,BEYONDRX_OH,4.49
Verify Batch,BEYONDRX_AZ,7.0
Verify Batch,BEYONDRX_OH,14.7
Verify Order,BEYONDRX_AZ,5.01
Verify Order,OHIO,9.2
Verify Order,BEYONDRX_AZ,6.8
Verify Batch,BEYONDRX_OH,5.96
Verify Order,OHIO,6.53
Verify Order,BEYONDRX_OH,12.77
Verify Batch,OHIO,5.54
Verify Batch,BEYONDRX_AZ,6.87
Verify Batch,BEYONDRX_OH,11.67
Verify Batch,BEYONDRX_AZ,14.86
Verify Batch,BEYONDRX_OH,7.02
Verify Fill,BEYONDRX_AZ,10.83
Verify Batch,BEYONDRX_OH,8.18
Verify Batch,BEYONDRX_OH,4.1
Verify Order,OHIO,6.5
Verify Fill,BEYONDRX_AZ,2.84
Verify Order,BEYONDRX_AZ,9.54
Verify Order,BEYONDRX_OH,2.71
Verify Order,BEYONDRX_AZ,16.59
Verify Order,OHIO,11.9
Verify Batch,BEYONDRX_OH,8.97
Verify Batch,OHIO,5.19
Verify Order,BEYONDRX_OH,9.0
Verify Order,BEYONDRX_OH,10.78
Verify Batch,OHIO,9.39
Verify Fill,BEYONDRX_AZ,13.74
Verify Fill,BEYONDRX_OH,3.47
Verify Batch,BEYONDRX_AZ,11.69
Verify Batch,BEYONDRX_OH,13.45
Verify Fill,OHIO,5.05
Verify Order,BEYONDRX_AZ,7.93
Verify Batch,BEYONDRX_OH,11.03
Verify Fill,BEYONDRX_AZ,3.55
Verify Fill,BEYONDRX_AZ,1.91
Verify Batch,BEYONDRX_OH,6.74
Verify Batch,BEYONDRX_AZ,5.39
Verify Fill,BEYONDRX_AZ,17.54
Verify Batch,BEYONDRX_OH,6.95
Verify Order,BEYONDRX_OH,4.67
Verify Order,OHIO,12.01
Verify Fill,BEYONDRX_OH,8.15
Verify Order,BEYONDRX_OH,9.15
Verify Order,BEYONDRX_AZ,11.36
Verify Fill,BEYONDRX_OH,12.53
Verify Batch,BEYONDRX_OH,7.84
Verify Fill,BEYONDRX_OH,7.15
Verify Fill,BEYONDRX_OH,7.18
Verify Order,OHIO,9.23
Verify Order,BEYONDRX_OH,11.42
Verify Fill,OHIO,4.84
Verify Fill,BEYONDRX_OH,9.55
Verify Fill,BEYONDRX_OH,5.11
Verify Order,BEYONDRX_AZ,10.15
Verify Batch,BEYONDRX_AZ,7.04
Verify Batch,BEYONDRX_AZ,4.66
Verify Order,OHIO,14.16
Verify Batch,BEYONDRX_OH,5.21
Verify Batch,OHIO,10.12
Verify Fill,BEYONDRX_OH,8.42
Verify Batch,BEYONDRX_AZ,3.58
Verify Batch,OHIO,11.38
Verify Order,BEYONDRX_OH,16.11
Verify Order,OHIO,2.32
Verify Batch,BEYONDRX_AZ,10.56
Verify Batch,OHIO,2.65
Verify Order,BEYONDRX_OH,6.27
Verify Order,OHIO,6.51
Verify Fill,BEYONDRX_AZ,8.71
Verify Batch,OHIO,8.48
Verify Fill,BEYONDRX_AZ,4.6
Verify Fill,BEYONDRX_AZ,11.27
Verify Fill,BEYONDRX_AZ,5.08
Verify Order,BEYONDRX_OH,8.94
Verify Batch,BEYONDRX_AZ,5.97
Verify Fill,BEYONDRX_AZ,6.06
Verify Fill,OHIO,11.55
Verify Fill,BEYONDRX_AZ,6.43
Verify Order,OHIO,5.95
Verify Batch,OHIO,9.12
Verify Order,OHIO,12.01
Verify Order,BEYONDRX_OH,5.72
Verify Batch,OHIO,3.95
Verify Batch,BEYONDRX_OH,4.68
Verify Order,BEYONDRX_OH,3.07
Verify Batch,BEYONDRX_AZ,17.42
Verify Fill,OHIO,14.82
Verify Order,BEYONDRX_OH,7.99
Verify Batch,BEYONDRX_AZ,10.55
Verify Order,OHIO,8.26
Verify Order,BEYONDRX_OH,11.55
Verify Fill,BEYONDRX_OH,2.72
Verify Fill,OHIO,5.84
Verify Fill,BEYONDRX_OH,6.69
Verify Fill,BEYONDRX_AZ,14.91
Verify Fill,OHIO,8.15
Verify Batch,BEYONDRX_OH,6.24
Verify Batch,BEYONDRX_AZ,6.06
Verify Order,BEYONDRX_AZ,3.64
Verify Fill,BEYONDRX_AZ,10.62
Verify Batch,BEYONDRX_OH,13.55
Verify Order,BEYONDRX_AZ,12.07
Verify Order,BEYONDRX_OH,12.01
Verify Batch,BEYONDRX_AZ,6.54
Verify Fill,BEYONDRX_OH,7.65
Verify Fill,OHIO,6.73
Verify Batch,BEYONDRX_OH,10.15
Verify Order,BEYONDRX_AZ,10.04
Verify Batch,BEYONDRX_OH,6.41
Verify Fill,BEYONDRX_AZ,8.75
Verify Batch,BEYONDRX_OH,9.8
Verify Fill,BEYONDRX_OH,6.11
Verify Batch,OHIO,4.73
Verify Batch,BEYONDRX_OH,7.26
Verify Fill,BEYONDRX_OH,6.38
Verify Order,OHIO,10.3
Verify Batch,BEYONDRX_AZ,12.59
Verify Batch,OHIO,15.34
Verify Order,BEYONDRX_OH,11.78
Verify Fill,OHIO,5.66
Verify Fill,OHIO,10.25
Verify Order,BEYONDRX_AZ,4.49
Verify Order,BEYONDRX_AZ,8.29
Verify Order,BEYONDRX_OH,5.38
Verify Batch,OHIO,10.88
Verify Batch,BEYONDRX_AZ,4.26
Verify Fill,BEYONDRX_AZ,7.46
Verify Batch,OHIO,5.22
Verify Order,BEYONDRX_OH,14.78
Verify Batch,OHIO,19.63
Verify Order,BEYONDRX_AZ,5.86
Verify Batch,OHIO,12.78
Verify Fill,BEYONDRX_OH,8.15
Verify Fill,OHIO,8.7
Verify Order,BEYONDRX_OH,7.13
Verify Fill,OHIO,13.71
Verify Batch,BEYONDRX_OH,6.56
Verify Order,BEYONDRX_OH,14.12
Verify Batch,BEYONDRX_OH,6.22
Verify Order,BEYONDRX_AZ,8.19
Verify Order,BEYONDRX_AZ,3.07
Verify Batch,BEYONDRX_OH,2.46
Verify Fill,BEYONDRX_OH,10.7
Verify Fill,BEYONDRX_AZ,4.8
Verify Order,BEYONDRX_AZ,4.38
Verify Batch,BEYONDRX_OH,8.45
Verify Order,BEYONDRX_AZ,11.31
Verify Order,BEYONDRX_OH,12.21
Verify Order,BEYONDRX_OH,6.49
Verify Fill,OHIO,8.17
Verify Batch,BEYONDRX_AZ,14.77
Verify Order,BEYONDRX_AZ,17.89
Verify Fill,BEYONDRX_AZ,6.8
Verify Batch,BEYONDRX_OH,14.6
Verify Batch,OHIO,8.9
Verify Fill,OHIO,11.6
Verify Order,BEYONDRX_OH,16.24
Verify Batch,BEYONDRX_OH,9.18
Verify Batch,BEYONDRX_AZ,11.52
Verify Fill,BEYONDRX_AZ,12.05
Verify Fill,OHIO,11.99
Verify Order,OHIO,9.54
Verify Order,OHIO,3.83
Verify Batch,OHIO,15.73
Verify Batch,BEYONDRX_OH,16.15
Verify Batch,BEYONDRX_OH,5.56
Verify Batch,BEYONDRX_OH,10.26
Verify Batch,BEYONDRX_OH,13.47
Verify Order,BEYONDRX_OH,10.28
Verify Order,BEYONDRX_AZ,12.31
Verify Batch,BEYONDRX_AZ,20.14
Verify Order,BEYONDRX_AZ,11.14
Verify Order,BEYONDRX_OH,7.34
Verify Order,BEYONDRX_OH,4.5
Verify Fill,BEYONDRX_OH,3.37
Verify Order,OHIO,10.93
Verify Order,OHIO,9.08
Verify Batch,BEYONDRX_AZ,1.41
Verify Order,OHIO,4.97
Verify Fill,BEYONDRX_OH,10.96
Verify Batch,BEYONDRX_OH,5.97
Verify Fill,OHIO,11.34
Verify Fill,OHIO,7.07
Verify Batch,OHIO,6.52
Verify Batch,BEYONDRX_AZ,6.92
Verify Order,BEYONDRX_OH,8.21
Verify Batch,OHIO,6.46
Verify Order,BEYONDRX_AZ,11.67
Verify Batch,OHIO,16.32
Verify Batch,BEYONDRX_AZ,6.46
Verify Batch,BEYONDRX_AZ,13.63
Verify Fill,BEYONDRX_OH,11.03
Verify Batch,BEYONDRX_OH,3.27
Verify Batch,OHIO,7.07
Verify Fill,BEYONDRX_OH,12.16
Verify Order,OHIO,3.38
Verify Order,BEYONDRX_OH,8.4
Verify Fill,BEYONDRX_AZ,8.36
Verify Batch,OHIO,15.99
Verify Batch,BEYONDRX_OH,5.91
Verify Batch,BEYONDRX_AZ,9.58
Verify Fill,BEYONDRX_AZ,3.61
Verify Order,BEYONDRX_OH,12.09
Verify Batch,BEYONDRX_OH,9.51
Verify Order,BEYONDRX_OH,6.48
Verify Fill,OHIO,5.98
Verify Order,BEYONDRX_AZ,9.55
Verify Order,BEYONDRX_AZ,8.61
Verify Order,BEYONDRX_OH,10.03
Verify Fill,BEYONDRX_OH,14.97
Verify Batch,BEYONDRX_OH,14.0
Verify Batch,BEYONDRX_AZ,9.3
Verify Batch,OHIO,13.27
Verify Batch,BEYONDRX_OH,10.92
Verify Batch,OHIO,12.87
Verify Fill,BEYONDRX_OH,7.08
Verify Batch,BEYONDRX_OH,7.0
Verify Fill,BEYONDRX_AZ,5.15
Verify Fill,BEYONDRX_AZ,10.9
Verify Fill,BEYONDRX_OH,7.1
Verify Batch,BEYONDRX_AZ,7.57
Verify Batch,BEYONDRX_OH,10.58
Verify Order,BEYONDRX_AZ,5.42
Verify Batch,OHIO,8.06
Verify Fill,BEYONDRX_OH,9.29
Verify Fill,OHIO,12.27
Verify Batch,OHIO,9.97
Verify Batch,BEYONDRX_OH,2.22
Verify Fill,BEYONDRX_OH,14.31
Verify Batch,OHIO,10.43
Verify Fill,OHIO,14.14
Verify Fill,BEYONDRX_AZ,10.3
Verify Batch,OHIO,3.79
Verify Batch,BEYONDRX_OH,4.3
Verify Batch,BEYONDRX_AZ,13.9
Verify Order,BEYONDRX_AZ,15.07
Verify Fill,BEYONDRX_AZ,11.43
Verify Batch,BEYONDRX_OH,9.46
Verify Order,BEYONDRX_OH,5.55
Verify Fill,OHIO,11.22
Verify Fill,OHIO,2.68
Verify Batch,BEYONDRX_OH,3.03
Verify Batch,BEYONDRX_AZ,4.54
Verify Order,BEYONDRX_OH,7.54
Verify Batch,BEYONDRX_AZ,15.35
Verify Fill,BEYONDRX_AZ,12.47
Verify Order,OHIO,3.09
Verify Batch,BEYONDRX_OH,9.75
Verify Batch,BEYONDRX_AZ,6.56
Verify Batch,OHIO,2.01
Verify Fill,OHIO,10.19
Verify Order,OHIO,16.15
Verify Batch,BEYONDRX_OH,6.92
Verify Order,BEYONDRX_OH,7.76
Verify Order,BEYONDRX_AZ,5.35
Verify Batch,OHIO,6.34
Verify Order,BEYONDRX_OH,3.2
Verify Fill,BEYONDRX_OH,9.89
Verify Batch,BEYONDRX_AZ,7.28
Verify Fill,BEYONDRX_AZ,6.04
Verify Order,BEYONDRX_OH,8.74
Verify Batch,BEYONDRX_AZ,6.11
Verify Order,BEYONDRX_AZ,15.18
Verify Order,BEYONDRX_OH,9.03
Verify Fill,BEYONDRX_OH,9.67
Verify Order,OHIO,6.66
Verify Batch,BEYONDRX_OH,4.44
Verify Fill,OHIO,9.88
Verify Fill,BEYONDRX_OH,13.82
Verify Fill,BEYONDRX_AZ,10.53
Verify Fill,BEYONDRX_OH,7.66
Verify Fill,OHIO,3.95
Verify Batch,BEYONDRX_AZ,7.98
Verify Order,BEYONDRX_AZ,6.8
Verify Batch,OHIO,15.44
Verify Fill,BEYONDRX_AZ,7.2
Verify Fill,OHIO,5.09
Verify Order,BEYONDRX_OH,5.25
Verify Batch,BEYONDRX_AZ,6.45
Verify Batch,BEYONDRX_OH,7.45
Verify Order,OHIO,8.93
Verify Order,BEYONDRX_AZ,1.68
Verify Batch,OHIO,12.67
Verify Order,BEYONDRX_AZ,7.06
Verify Fill,BEYONDRX_OH,5.97
Verify Order,OHIO,8.16
Verify Order,OHIO,17.49
Verify Fill,BEYONDRX_OH,11.79
Verify Batch,OHIO,3.37
Verify Order,BEYONDRX_AZ,13.44
Verify Fill,BEYONDRX_OH,6.71
Verify Batch,OHIO,10.16
Verify Fill,OHIO,11.38
Verify Batch,BEYONDRX_OH,6.28
Verify Batch,BEYONDRX_AZ,4.76
Verify Order,BEYONDRX_OH,7.65
Verify Order,OHIO,3.5
Verify Batch,OHIO,4.73
Verify Order,BEYONDRX_OH,8.96
Verify Order,BEYONDRX_OH,4.32
Verify Order,OHIO,10.53
Verify Fill,OHIO,13.45
Verify Batch,OHIO,3.16
Verify Batch,OHIO,7.63
Verify Fill,OHIO,8.84
Verify Order,BEYONDRX_OH,5.08
Verify Batch,BEYONDRX_AZ,11.08
Verify Fill,BEYONDRX_AZ,3.65
Verify Fill,BEYONDRX_AZ,4.34
Verify Fill,BEYONDRX_OH,6.17
Verify Order,OHIO,8.82
Verify Fill,BEYONDRX_AZ,8.61
Verify Batch,BEYONDRX_AZ,12.44
Verify Batch,OHIO,5.47
Verify Batch,BEYONDRX_AZ,13.86
Verify Order,BEYONDRX_OH,3.01
Verify Batch,BEYONDRX_OH,11.3
Verify Fill,BEYONDRX_OH,13.06
Verify Order,BEYONDRX_OH,8.23
Verify Batch,OHIO,11.95
Verify Fill,BEYONDRX_AZ,10.13
Verify Order,BEYONDRX_OH,12.81
Verify Order,OHIO,9.25
Verify Fill,BEYONDRX_AZ,13.25
Verify Batch,BEYONDRX_AZ,12.86
Verify Fill,BEYONDRX_OH,15.68
Verify Order,BEYONDRX_AZ,5.22
Verify Order,BEYONDRX_OH,4.55
Verify Order,BEYONDRX_AZ,4.43
Verify Order,BEYONDRX_AZ,6.61
Verify Batch,BEYONDRX_AZ,9.5
Verify Batch,OHIO,8.79
Verify Batch,BEYONDRX_AZ,2.09
Verify Order,BEYONDRX_OH,6.53
Verify Order,BEYONDRX_AZ,10.11
Verify Fill,BEYONDRX_OH,14.1
Verify Fill,BEYONDRX_AZ,6.47
Verify Fill,OHIO,6.16
Verify Fill,BEYONDRX_AZ,9.76
Verify Batch,BEYONDRX_AZ,7.23
Verify Batch,BEYONDRX_AZ,6.61
Verify Order,BEYONDRX_OH,10.31
Verify Fill,BEYONDRX_AZ,6.83
Verify Order,BEYONDRX_AZ,8.32
Verify Fill,OHIO,8.83
Verify Order,BEYONDRX_OH,5.26
Verify Fill,OHIO,11.27
Verify Batch,OHIO,3.38
Verify Order,BEYONDRX_OH,10.45
Verify Fill,OHIO,8.76
Verify Fill,OHIO,6.77
Verify Order,OHIO,8.58
Verify Batch,BEYONDRX_OH,12.84
Verify Order,BEYONDRX_AZ,5.11
Verify Order,BEYONDRX_AZ,11.11
Verify Batch,BEYONDRX_AZ,8.67
Verify Fill,OHIO,11.38
Verify Order,BEYONDRX_AZ,4.15
Verify Order,BEYONDRX_OH,19.26
Verify Fill,BEYONDRX_OH,9.59
Verify Order,BEYONDRX_AZ,8.97
Verify Batch,BEYONDRX_AZ,12.49
Verify Fill,BEYONDRX_OH,7.03
Verify Fill,BEYONDRX_OH,12.66
Verify Batch,BEYONDRX_AZ,11.65
Verify Order,BEYONDRX_AZ,18.44
Verify Batch,BEYONDRX_AZ,3.76
Verify Order,OHIO,10.63
Verify Order,BEYONDRX_OH,12.63
Verify Order,BEYONDRX_OH,7.77
Verify Fill,OHIO,8.67
Verify Fill,BEYONDRX_AZ,6.12
Verify Fill,BEYONDRX_AZ,7.19
Verify Batch,BEYONDRX_AZ,2.31
Verify Fill,BEYONDRX_AZ,12.04
Verify Batch,BEYONDRX_AZ,10.74
Verify Order,BEYONDRX_AZ,5.24
Verify Batch,OHIO,6.33
Verify Batch,BEYONDRX_AZ,10.43
Verify Order,BEYONDRX_AZ,4.44
Verify Batch,OHIO,9.95
Verify Batch,BEYONDRX_AZ,6.9
Verify Fill,OHIO,3.56
Verify Order,BEYONDRX_AZ,12.96
Verify Fill,OHIO,7.55
Verify Fill,OHIO,11.18
Verify Batch,OHIO,10.23
Verify Batch,BEYONDRX_AZ,7.22
Verify Order,BEYONDRX_AZ,5.05
Verify Batch,BEYONDRX_OH,4.05
Verify Fill,BEYONDRX_OH,5.71
Verify Order,BEYONDRX_AZ,3.68
Verify Batch,BEYONDRX_OH,9.31
Verify Batch,BEYONDRX_AZ,10.54
Verify Batch,BEYONDRX_OH,12.07
Verify Order,OHIO,10.32
Verify Batch,BEYONDRX_AZ,7.41
Verify Fill,BEYONDRX_AZ,5.13
Verify Fill,BEYONDRX_AZ,12.43
Verify Fill,OHIO,11.4
Verify Fill,BEYONDRX_OH,10.48
Verify Order,BEYONDRX_AZ,10.07
Verify Batch,BEYONDRX_OH,9.37
Verify Order,BEYONDRX_OH,6.19
Verify Order,BEYONDRX_OH,5.28
Verify Order,BEYONDRX_OH,13.3
Verify Order,OHIO,10.7
Verify Batch,BEYONDRX_OH,3.09
Verify Batch,BEYONDRX_AZ,8.89
Verify Fill,OHIO,6.36
Verify Batch,BEYONDRX_AZ,7.95
Verify Batch,BEYONDRX_AZ,8.37
Verify Fill,BEYONDRX_OH,9.0
Verify Fill,BEYONDRX_OH,4.72
Verify Batch,BEYONDRX_OH,6.61
Verify Batch,OHIO,4.63
Verify Order,BEYONDRX_AZ,7.37
Verify Fill,OHIO,3.47
Verify Batch,BEYONDRX_OH,10.75
Verify Batch,BEYONDRX_OH,4.49
Verify Batch,BEYONDRX_AZ,5.83
Verify Batch,BEYONDRX_OH,4.4
Verify Order,BEYONDRX_AZ,7.81
Verify Batch,BEYONDRX_AZ,5.65
Verify Order,BEYONDRX_OH,7.38
Verify Order,BEYONDRX_AZ,8.42
Verify Batch,BEYONDRX_OH,6.31
Verify Fill,BEYONDRX_AZ,2.18
Verify Batch,OHIO,5.68
Verify Fill,OHIO,15.31
Verify Order,BEYONDRX_OH,17.34
Verify Fill,BEYONDRX_OH,8.42
Verify Fill,OHIO,12.55
Verify Order,BEYONDRX_AZ,7.16
Verify Order,BEYONDRX_AZ,5.06
Verify Fill,OHIO,14.31
Verify Fill,BEYONDRX_AZ,16.67
Verify Fill,BEYONDRX_OH,11.35
Verify Batch,BEYONDRX_AZ,13.7
Verify Batch,BEYONDRX_OH,5.17
Verify Fill,OHIO,2.97
Verify Fill,BEYONDRX_OH,5.84
Verify Batch,BEYONDRX_OH,12.4
Verify Fill,BEYONDRX_OH,11.17
Verify Fill,BEYONDRX_OH,10.04
Verify Order,BEYONDRX_AZ,10.69
Verify Batch,BEYONDRX_AZ,8.0
Verify Batch,BEYONDRX_AZ,5.63
Verify Fill,OHIO,27.04
Verify Batch,BEYONDRX_AZ,2.02
Verify Batch,OHIO,9.8
Verify Batch,BEYONDRX_AZ,6.11
Verify Order,BEYONDRX_OH,3.34
Verify Fill,BEYONDRX_AZ,10.54
Verify Batch,OHIO,4.83
Verify Order,OHIO,5.96
Verify Batch,BEYONDRX_OH,10.66
Verify Order,OHIO,6.24
Verify Fill,BEYONDRX_AZ,10.15
Verify Batch,BEYONDRX_OH,10.52
Verify Order,OHIO,6.52
Verify Batch,BEYONDRX_OH,6.67
Verify Fill,BEYONDRX_AZ,2.61
Verify Fill,OHIO,5.95
Verify Batch,BEYONDRX_AZ,6.36
Verify Order,BEYONDRX_OH,8.55
Verify Order,BEYONDRX_OH,6.94
Verify Fill,BEYONDRX_OH,6.04
Verify Order,OHIO,11.72
Verify Order,OHIO,13.31
Verify Order,OHIO,3.27
Verify Fill,BEYONDRX_AZ,8.49
Verify Batch,BEYONDRX_OH,5.71
Verify Batch,BEYONDRX_OH,7.89
Verify Batch,BEYONDRX_AZ,19.04
Verify Fill,BEYONDRX_OH,8.2
Verify Order,BEYONDRX_AZ,12.53
Verify Fill,BEYONDRX_OH,10.57
Verify Batch,OHIO,6.43
Verify Order,OHIO,8.62
Verify Fill,OHIO,4.02
Verify Fill,BEYONDRX_AZ,4.99
Verify Fill,OHIO,4.98
Verify Batch,BEYONDRX_AZ,7.23
Verify Batch,BEYONDRX_AZ,10.36
Verify Order,OHIO,2.76
Verify Order,BEYONDRX_OH,10.21
Verify Fill,BEYONDRX_OH,7.71
Verify Order,BEYONDRX_AZ,12.16
Verify Fill,BEYONDRX_OH,9.89
Verify Order,BEYONDRX_AZ,7.64
Verify Fill,OHIO,8.95
Verify Batch,OHIO,7.73
Verify Fill,BEYONDRX_AZ,2.79
Verify Fill,OHIO,9.47
Verify Batch,BEYONDRX_AZ,10.32
Verify Batch,OHIO,13.01
Verify Order,OHIO,8.71
Verify Order,BEYONDRX_AZ,19.88
Verify Batch,BEYONDRX_OH,14.96
Verify Fill,OHIO,6.44
Verify Fill,OHIO,7.5
Verify Batch,OHIO,8.91
Verify Order,OHIO,6.54
Verify Order,BEYONDRX_OH,6.64
Verify Batch,BEYONDRX_OH,3.94
Verify Fill,OHIO,5.07
Verify Fill,OHIO,4.67
Verify Order,BEYONDRX_OH,7.85
Verify Order,OHIO,6.36
Verify Batch,BEYONDRX_OH,8.22
Verify Fill,BEYONDRX_OH,4.18
Verify Fill,BEYONDRX_AZ,17.84
Verify Fill,BEYONDRX_OH,10.4
Verify Batch,OHIO,2.58
Verify Order,BEYONDRX_OH,9.12
Verify Order,BEYONDRX_OH,3.52
Verify Fill,OHIO,7.7
Verify Fill,BEYONDRX_AZ,12.69
Verify Fill,BEYONDRX_OH,2.91
Verify Order,BEYONDRX_OH,4.5
Verify Batch,OHIO,7.42
Verify Batch,BEYONDRX_AZ,6.88
Verify Fill,OHIO,13.69
Verify Batch,BEYONDRX_OH,6.18
Verify Batch,BEYONDRX_OH,10.74
Verify Batch,BEYONDRX_OH,5.17
Verify Batch,OHIO,6.88
Verify Fill,OHIO,5.21
Verify Order,BEYONDRX_AZ,3.98
Verify Fill,OHIO,7.03
Verify Batch,OHIO,3.88
Verify Batch,BEYONDRX_OH,9.97
Verify Order,BEYONDRX_OH,6.01
Verify Order,BEYONDRX_OH,12.23
Verify Batch,BEYONDRX_OH,7.38
Verify Order,BEYONDRX_OH,10.18
Verify Order,BEYONDRX_OH,10.64
Verify Order,BEYONDRX_OH,16.41
Verify Order,BEYONDRX_AZ,9.13
Verify Order,BEYONDRX_OH,6.08
Verify Fill,BEYONDRX_AZ,7.05
Verify Fill,BEYONDRX_OH,8.19
Verify Batch,BEYONDRX_AZ,10.2
Verify Fill,OHIO,9.55
Verify Order,BEYONDRX_OH,5.63
Verify Fill,BEYONDRX_OH,10.85
Verify Order,BEYONDRX_OH,5.65
Verify Batch,OHIO,6.54
Verify Order,BEYONDRX_AZ,5.55
Verify Order,OHIO,12.26
Verify Order,OHIO,9.66
Verify Order,OHIO,11.27
Verify Fill,BEYONDRX_OH,10.64
Verify Batch,BEYONDRX_OH,6.26
Verify Fill,BEYONDRX_OH,7.01
Verify Order,BEYONDRX_OH,8.36
Verify Batch,BEYONDRX_OH,12.6
Verify Order,OHIO,7.83
Verify Batch,OHIO,4.0
Verify Order,OHIO,7.91
Verify Batch,BEYONDRX_AZ,8.62
Verify Fill,BEYONDRX_OH,15.9
Verify Fill,BEYONDRX_AZ,3.46
Verify Fill,BEYONDRX_OH,2.17
Verify Order,BEYONDRX_OH,5.44
Verify Order,BEYONDRX_AZ,7.58
Verify Fill,OHIO,8.53
Verify Batch,BEYONDRX_AZ,4.9
Verify Batch,BEYONDRX_OH,5.58
Verify Fill,BEYONDRX_AZ,6.4
Verify Batch,BEYONDRX_AZ,15.1
Verify Fill,BEYONDRX_OH,9.0
Verify Order,OHIO,15.96
Verify Batch,OHIO,5.92
Verify Fill,BEYONDRX_OH,3.94
Verify Order,BEYONDRX_AZ,9.73
Verify Fill,OHIO,10.77
Verify Order,BEYONDRX_OH,11.14
Verify Fill,OHIO,15.13
Verify Fill,BEYONDRX_AZ,8.45
Verify Order,OHIO,21.7
Verify Order,BEYONDRX_OH,7.36
Verify Order,BEYONDRX_AZ,9.44
Verify Fill,BEYONDRX_OH,12.66
Verify Order,BEYONDRX_OH,9.92
Verify Batch,BEYONDRX_AZ,5.06
Verify Batch,BEYONDRX_OH,11.32
Verify Order,BEYONDRX_OH,10.18
Verify Fill,BEYONDRX_OH,9.89
Verify Order,BEYONDRX_AZ,10.07
Verify Fill,BEYONDRX_OH,5.83
Verify Order,BEYONDRX_OH,7.84
Verify Fill,OHIO,2.46
Verify Order,BEYONDRX_AZ,7.43
Verify Order,BEYONDRX_OH,5.01
Verify Fill,OHIO,19.22
Verify Order,BEYONDRX_AZ,3.53
Verify Batch,OHIO,6.83
Verify Order,BEYONDRX_AZ,10.65
Verify Order,BEYONDRX_OH,11.78
Verify Order,BEYONDRX_AZ,11.39
Verify Batch,BEYONDRX_AZ,12.64
Verify Fill,BEYONDRX_OH,10.18
Verify Fill,BEYONDRX_AZ,7.8
Verify Fill,BEYONDRX_AZ,9.12
Verify Fill,BEYONDRX_AZ,15.79
Verify Order,BEYONDRX_OH,9.45
Verify Batch,OHIO,6.15
Verify Fill,BEYONDRX_AZ,3.72
Verify Fill,OHIO,12.82
Verify Batch,OHIO,5.99
Verify Fill,OHIO,7.68
Verify Fill,BEYONDRX_OH,10.79
Verify Batch,BEYONDRX_OH,12.01
Verify Order,OHIO,9.46
Verify Order,OHIO,5.78
Verify Order,OHIO,7.29
Verify Order,OHIO,6.68
Verify Batch,BEYONDRX_OH,16.42
Verify Fill,OHIO,7.23
Verify Fill,OHIO,6.97
Verify Batch,BEYONDRX_AZ,2.73
Verify Order,BEYONDRX_OH,14.26
Verify Batch,OHIO,4.71
Verify Fill,BEYONDRX_OH,7.6
Verify Order,BEYONDRX_AZ,11.17
Verify Fill,BEYONDRX_OH,7.68
Verify Batch,BEYONDRX_OH,10.7
Verify Fill,OHIO,11.04
Verify Fill,OHIO,9.32
Verify Fill,BEYONDRX_OH,4.21
Verify Batch,BEYONDRX_OH,5.94
Verify Fill,OHIO,7.38
Verify Order,BEYONDRX_OH,6.1
Verify Order,BEYONDRX_OH,9.52
Verify Batch,OHIO,8.7
Verify Batch,BEYONDRX_OH,13.07
Verify Fill,OHIO,7.32
Verify Fill,BEYONDRX_AZ,8.11
Verify Order,BEYONDRX_OH,4.55
Verify Batch,BEYONDRX_OH,3.82
Verify Order,BEYONDRX_AZ,11.61
Verify Order,OHIO,6.46
Verify Batch,BEYONDRX_AZ,5.8
Verify Order,BEYONDRX_OH,4.55
Verify Fill,OHIO,7.32
Verify Batch,BEYONDRX_OH,6.07
Verify Batch,OHIO,9.08
Verify Fill,BEYONDRX_OH,4.98
Verify Order,BEYONDRX_AZ,7.32
Verify Order,OHIO,6.47
Verify Fill,OHIO,9.51
Verify Order,OHIO,19.26
Verify Fill,BEYONDRX_AZ,8.3
Verify Batch,BEYONDRX_OH,10.4
Verify Order,BEYONDRX_OH,3.06
Verify Order,BEYONDRX_OH,11.28
Verify Batch,BEYONDRX_AZ,5.76
Verify Order,OHIO,6.02
Verify Fill,BEYONDRX_OH,4.55
Verify Fill,OHIO,10.22
Verify Batch,OHIO,4.53
Verify Order,BEYONDRX_OH,7.51
Verify Order,OHIO,6.95
Verify Fill,BEYONDRX_OH,14.34
Verify Fill,BEYONDRX_AZ,7.07
Verify Order,OHIO,7.49
Verify Fill,BEYONDRX_AZ,17.83
Verify Fill,BEYONDRX_OH,11.99
Verify Order,BEYONDRX_AZ,4.07
Verify Order,OHIO,4.32
Verify Batch,OHIO,6.83
Verify Batch,OHIO,10.02
Verify Batch,BEYONDRX_OH,2.36
Verify Batch,OHIO,3.35
Verify Fill,BEYONDRX_AZ,2.61
Verify Order,BEYONDRX_OH,6.31
Verify Batch,BEYONDRX_OH,7.41
Verify Fill,BEYONDRX_OH,11.8
Verify Fill,OHIO,17.47
Verify Order,OHIO,5.82
Verify Batch,BEYONDRX_OH,3.29
Verify Order,BEYONDRX_AZ,3.66
Verify Fill,OHIO,10.97
Verify Fill,BEYONDRX_AZ,6.3
Verify Order,BEYONDRX_AZ,10.8
Verify Fill,BEYONDRX_AZ,10.46
Verify Fill,BEYONDRX_OH,13.27
Verify Fill,OHIO,7.38
Verify Fill,BEYONDRX_OH,3.52
Verify Fill,OHIO,10.95
Verify Batch,OHIO,7.59
Verify Order,OHIO,11.73
Verify Batch,BEYONDRX_AZ,7.59
Verify Fill,OHIO,13.75
Verify Order,BEYONDRX_AZ,13.44
Verify Fill,BEYONDRX_OH,2.96
Verify Batch,OHIO,6.67
Verify Order,OHIO,7.39
Verify Batch,OHIO,1.94
Verify Batch,BEYONDRX_OH,4.47
Verify Fill,BEYONDRX_OH,3.12
Verify Fill,OHIO,18.25
Verify Order,BEYONDRX_AZ,13.24
Verify Order,BEYONDRX_OH,2.58
Verify Order,BEYONDRX_OH,6.26
Verify Order,BEYONDRX_OH,11.88
Verify Order,BEYONDRX_AZ,13.12
Verify Fill,BEYONDRX_OH,9.28
Verify Fill,BEYONDRX_OH,3.0
Verify Order,BEYONDRX_OH,4.79
Verify Order,OHIO,8.33
Verify Order,BEYONDRX_OH,4.25
